Avita Liber Core i5 8th Gen - (8 GB/256 GB SSD/Windows 10 Home) NS14A2IN206P Thin and Light Laptop,Intel Core i5 Processor (8th Gen),8 GB DDR4 RAM,64 bit Windows 10 Operating System,256 GB SSD,35.56 cm (14 inch) Display,Laptop,
Avita Liber Core i5 8th Gen - (8 GB/256 GB SSD/Windows 10 Home) NS14A2IN199P Thin and Light Laptop,Intel Core i5 Processor (8th Gen),8 GB DDR4 RAM,64 bit Windows 10 Operating System,256 GB SSD,35.56 cm (14 inch) Display,Laptop,
Lenovo Ideapad S145 APU Dual Core A6 - (4 GB/1 TB HDD/Windows 10 Home) S145-14AST Thin and Light Lapto...,AMD APU Dual Core A6 Processor,4 GB DDR4 RAM,64 bit Windows 10 Operating System,1 TB HDD,35.56 cm (14 inch) Display,Laptop,
Asus VivoBook S Series Core i5 8th Gen - (8 GB/1 TB HDD/256 GB SSD/Windows 10 Home) S430FA-EB039T Thin...,Intel Core i5 Processor (8th Gen),8 GB DDR4 RAM,64 bit Windows 10 Operating System,1 TB HDD|256 GB SSD,35.56 cm (14 inch) Display,Laptop,
Lenovo Ideapad 130 Core i3 7th Gen - (4 GB/1 TB HDD/Windows 10 Home) 130-15IKB Laptop,Intel Core i3 Processor (7th Gen),4 GB DDR4 RAM,64 bit Windows 10 Operating System,1 TB HDD,39.62 cm (15.6 inch) Display,Laptop,
Acer Swift 3 Core i5 8th Gen - (8 GB/512 GB SSD/Windows 10 Home/2 GB Graphics) SF314-55G Thin and Ligh...,Intel Core i5 Processor (8th Gen),8 GB DDR4 RAM,64 bit Windows 10 Operating System,512 GB SSD,35.56 cm (14 inch) Display,Laptop,
Lenovo Ideapad S145 APU Dual Core A6 - (4 GB/1 TB HDD/Windows 10 Home) S145-15AST Thin and Light Lapto...,AMD APU Dual Core A6 Processor,4 GB DDR4 RAM,64 bit Windows 10 Operating System,1 TB HDD,39.62 cm (15.6 inch) Display,Laptop,
HP Pavilion 15-EC Ryzen 5 Quad Core - (8 GB/1 TB HDD/128 GB SSD/Windows 10 Home/3 GB Graphics/NVIDIA G...,AMD Ryzen 5 Quad Core Processor,8 GB DDR4 RAM,64 bit Windows 10 Operating System,1 TB HDD|128 GB SSD,39.62 cm (15.6 inch) Display,Laptop,
HP 15 Pentium Gold - (4 GB/1 TB HDD/Windows 10 Home) 15-di0001TU Laptop,Intel Pentium Gold Processor,4 GB DDR4 RAM,64 bit Windows 10 Operating System,1 TB HDD,39.62 cm (15.6 inch) Display,Laptop,
Acer Nitro 5 Ryzen 5 Quad Core - (8 GB/1 TB HDD/Windows 10 Home/4 GB Graphics/NVIDIA Geforce GTX 1650)...,AMD Ryzen 5 Quad Core Processor,8 GB DDR4 RAM,64 bit Windows 10 Operating System,1 TB HDD,39.62 cm (15.6 inch) Display,Laptop,
HP 14q Core i5 8th Gen - (8 GB/1 TB HDD/Windows 10 Home) 14q-cs0017tu Thin and Light Laptop,Intel Core i5 Processor (8th Gen),8 GB DDR4 RAM,64 bit Windows 10 Operating System,1 TB HDD,35.56 cm (14 inch) Display,Laptop,
HP 14q Core i3 7th Gen - (8 GB/256 GB SSD/Windows 10 Home) 14q-cs0023TU Thin and Light Laptop,Intel Core i3 Processor (7th Gen),8 GB DDR4 RAM,64 bit Windows 10 Operating System,256 GB SSD,35.56 cm (14 inch) Display,Laptop,
Lenovo Ideapad 130 Core i3 7th Gen - (4 GB/1 TB HDD/DOS) 130-15IKB Laptop,Intel Core i3 Processor (7th Gen),4 GB DDR4 RAM,DOS Operating System,1 TB HDD,39.62 cm (15.6 inch) Display,Laptop,
Acer Nitro 5 Ryzen 7 Quad Core - (8 GB/1 TB HDD/256 GB SSD/Windows 10 Home/4 GB Graphics/NVIDIA Geforc...,AMD Ryzen 7 Quad Core Processor,8 GB DDR4 RAM,64 bit Windows 10 Operating System,1 TB HDD|256 GB SSD,39.62 cm (15.6 inch) Display,Laptop,
Lenovo Ideapad 130 Core i3 7th Gen - (4 GB/1 TB HDD/Windows 10 Home) 130-15IKB Laptop,Intel Core i3 Processor (7th Gen),4 GB DDR4 RAM,64 bit Windows 10 Operating System,1 TB HDD,39.62 cm (15.6 inch) Display,Laptop,
Asus VivoBook Gaming Core i7 9th Gen - (16 GB + 32 GB Optane/512 GB SSD/Windows 10 Home/4 GB Graphics/...,Intel Core i7 Processor (9th Gen),16 GB DDR4 RAM,64 bit Windows 10 Operating System,512 GB SSD,39.62 cm (15.6 inch) Display,Laptop,
Asus VivoBook S Series Core i5 8th Gen - (8 GB/1 TB HDD/256 GB SSD/Windows 10 Home) S430FA-EB156T Thin...,Intel Core i5 Processor (8th Gen),8 GB DDR4 RAM,64 bit Windows 10 Operating System,1 TB HDD|256 GB SSD,35.56 cm (14 inch) Display,Laptop,
Lenovo Ideapad S145 Core i3 10th Gen - (4 GB/256 GB SSD/Windows 10 Home) S145-15IIL Thin and Light Lap...,Intel Core i3 Processor (10th Gen),4 GB DDR4 RAM,64 bit Windows 10 Operating System,256 GB SSD,39.62 cm (15.6 inch) Display,Laptop,
HP Notebook Core i3 8th Gen - (4 GB/1 TB HDD/Windows 10) 15s-du0120tu Laptop,Intel Core i3 Processor (8th Gen),4 GB DDR4 RAM,64 bit Windows 10 Operating System,1 TB HDD,38.1 cm (15 inch) Display,Laptop,
HP 15q APU Dual Core A9 - (4 GB/1 TB HDD/Windows 10 Home) 15q-dy0007AU Laptop,AMD APU Dual Core A9 Processor,4 GB DDR4 RAM,64 bit Windows 10 Operating System,1 TB HDD,39.62 cm (15.6 inch) Display,Laptop,
Lenovo Ideapad 130 Core i5 8th Gen - (8 GB/1 TB HDD/Windows 10 Home/2 GB Graphics) 130-15IKB Laptop,Intel Core i5 Processor (8th Gen),8 GB DDR4 RAM,64 bit Windows 10 Operating System,1 TB HDD,39.62 cm (15.6 inch) Display,Laptop,
MSI Core i7 9th Gen - (16 GB/1 TB SSD/Windows 10 Home/8 GB Graphics/NVIDIA Geforce RTX 2070 Max Q) GS6...,Intel Core i7 Processor (9th Gen),16 GB DDR4 RAM,64 bit Windows 10 Operating System,1 TB SSD,39.62 cm (15.6 inch) Display,Laptop,
Avita Liber Core i5 8th Gen - (8 GB/256 GB SSD/Windows 10 Home) NS14A2IN206P Thin and Light Laptop,Intel Core i5 Processor (8th Gen),8 GB DDR4 RAM,64 bit Windows 10 Operating System,256 GB SSD,35.56 cm (14 inch) Display,Laptop,
HP Pavilion Ryzen 7 Quad Core - (8 GB/1 TB HDD/128 GB SSD/Windows 10 Home/6 GB Graphics/NVIDIA Geforce...,AMD Ryzen 7 Quad Core Processor,8 GB DDR4 RAM,64 bit Windows 10 Operating System,1 TB HDD|128 GB SSD,39.62 cm (15.6 inch) Display,Laptop,
Lenovo Ideapad S145 APU Dual Core A6 - (4 GB/1 TB HDD/Windows 10 Home) S145-14AST Thin and Light Lapto...,AMD APU Dual Core A6 Processor,4 GB DDR4 RAM,64 bit Windows 10 Operating System,1 TB HDD,35.56 cm (14 inch) Display,Laptop,
Asus VivoBook S Series Core i5 8th Gen - (8 GB/1 TB HDD/256 GB SSD/Windows 10 Home) S430FA-EB039T Thin...,Intel Core i5 Processor (8th Gen),8 GB DDR4 RAM,64 bit Windows 10 Operating System,1 TB HDD|256 GB SSD,35.56 cm (14 inch) Display,Laptop,
Lenovo Ideapad 130 Core i3 7th Gen - (4 GB/1 TB HDD/Windows 10 Home) 130-15IKB Laptop,Intel Core i3 Processor (7th Gen),4 GB DDR4 RAM,64 bit Windows 10 Operating System,1 TB HDD,39.62 cm (15.6 inch) Display,Laptop,
Acer Swift 3 Core i5 8th Gen - (8 GB/512 GB SSD/Windows 10 Home/2 GB Graphics) SF314-55G Thin and Ligh...,Intel Core i5 Processor (8th Gen),8 GB DDR4 RAM,64 bit Windows 10 Operating System,512 GB SSD,35.56 cm (14 inch) Display,Laptop,
Lenovo Ideapad S145 APU Dual Core A6 - (4 GB/1 TB HDD/Windows 10 Home) S145-15AST Thin and Light Lapto...,AMD APU Dual Core A6 Processor,4 GB DDR4 RAM,64 bit Windows 10 Operating System,1 TB HDD,39.62 cm (15.6 inch) Display,Laptop,
HP Pavilion 15-EC Ryzen 5 Quad Core - (8 GB/1 TB HDD/128 GB SSD/Windows 10 Home/3 GB Graphics/NVIDIA G...,AMD Ryzen 5 Quad Core Processor,8 GB DDR4 RAM,64 bit Windows 10 Operating System,1 TB HDD|128 GB SSD,39.62 cm (15.6 inch) Display,Laptop,
HP 15 Pentium Gold - (4 GB/1 TB HDD/Windows 10 Home) 15-di0001TU Laptop,Intel Pentium Gold Processor,4 GB DDR4 RAM,64 bit Windows 10 Operating System,1 TB HDD,39.62 cm (15.6 inch) Display,Laptop,
Acer Nitro 5 Ryzen 5 Quad Core - (8 GB/1 TB HDD/Windows 10 Home/4 GB Graphics/NVIDIA Geforce GTX 1650)...,AMD Ryzen 5 Quad Core Processor,8 GB DDR4 RAM,64 bit Windows 10 Operating System,1 TB HDD,39.62 cm (15.6 inch) Display,Laptop,
HP 14q Core i5 8th Gen - (8 GB/1 TB HDD/Windows 10 Home) 14q-cs0017tu Thin and Light Laptop,Intel Core i5 Processor (8th Gen),8 GB DDR4 RAM,64 bit Windows 10 Operating System,1 TB HDD,35.56 cm (14 inch) Display,Laptop,
HP 14q Core i3 7th Gen - (8 GB/256 GB SSD/Windows 10 Home) 14q-cs0023TU Thin and Light Laptop,Intel Core i3 Processor (7th Gen),8 GB DDR4 RAM,64 bit Windows 10 Operating System,256 GB SSD,35.56 cm (14 inch) Display,Laptop,
Lenovo Ideapad 130 Core i3 7th Gen - (4 GB/1 TB HDD/DOS) 130-15IKB Laptop,Intel Core i3 Processor (7th Gen),4 GB DDR4 RAM,DOS Operating System,1 TB HDD,39.62 cm (15.6 inch) Display,Laptop,
Avita Liber Core i5 8th Gen - (8 GB/256 GB SSD/Windows 10 Home) NS14A2IN199P Thin and Light Laptop,Intel Core i5 Processor (8th Gen),8 GB DDR4 RAM,64 bit Windows 10 Operating System,256 GB SSD,35.56 cm (14 inch) Display,Laptop,
Lenovo Ideapad 130 Core i3 7th Gen - (4 GB/1 TB HDD/Windows 10 Home) 130-15IKB Laptop,Intel Core i3 Processor (7th Gen),4 GB DDR4 RAM,64 bit Windows 10 Operating System,1 TB HDD,39.62 cm (15.6 inch) Display,Laptop,
Asus VivoBook Gaming Core i7 9th Gen - (16 GB + 32 GB Optane/512 GB SSD/Windows 10 Home/4 GB Graphics/...,Intel Core i7 Processor (9th Gen),16 GB DDR4 RAM,64 bit Windows 10 Operating System,512 GB SSD,39.62 cm (15.6 inch) Display,Laptop,
Asus VivoBook S Series Core i5 8th Gen - (8 GB/1 TB HDD/256 GB SSD/Windows 10 Home) S430FA-EB156T Thin...,Intel Core i5 Processor (8th Gen),8 GB DDR4 RAM,64 bit Windows 10 Operating System,1 TB HDD|256 GB SSD,35.56 cm (14 inch) Display,Laptop,
Lenovo Ideapad S145 Core i3 10th Gen - (4 GB/256 GB SSD/Windows 10 Home) S145-15IIL Thin and Light Lap...,Intel Core i3 Processor (10th Gen),4 GB DDR4 RAM,64 bit Windows 10 Operating System,256 GB SSD,39.62 cm (15.6 inch) Display,Laptop,
Acer Nitro 5 Ryzen 5 Quad Core - (8 GB/1 TB HDD/256 GB SSD/Windows 10 Home/4 GB Graphics/NVIDIA Geforc...,AMD Ryzen 5 Quad Core Processor,8 GB DDR4 RAM,64 bit Windows 10 Operating System,1 TB HDD|256 GB SSD,39.62 cm (15.6 inch) Display,Laptop,
HP Notebook Core i3 8th Gen - (4 GB/1 TB HDD/Windows 10) 15s-du0120tu Laptop,Intel Core i3 Processor (8th Gen),4 GB DDR4 RAM,64 bit Windows 10 Operating System,1 TB HDD,38.1 cm (15 inch) Display,Laptop,
HP 15q APU Dual Core A9 - (4 GB/1 TB HDD/Windows 10 Home) 15q-dy0007AU Laptop,AMD APU Dual Core A9 Processor,4 GB DDR4 RAM,64 bit Windows 10 Operating System,1 TB HDD,39.62 cm (15.6 inch) Display,Laptop,
Lenovo Ideapad 130 Core i5 8th Gen - (8 GB/1 TB HDD/Windows 10 Home/2 GB Graphics) 130-15IKB Laptop,Intel Core i5 Processor (8th Gen),8 GB DDR4 RAM,64 bit Windows 10 Operating System,1 TB HDD,39.62 cm (15.6 inch) Display,Laptop,
Acer Nitro 5 Ryzen 7 Quad Core - (8 GB/1 TB HDD/256 GB SSD/Windows 10 Home/4 GB Graphics/NVIDIA Geforc...,AMD Ryzen 7 Quad Core Processor,8 GB DDR4 RAM,64 bit Windows 10 Operating System,1 TB HDD|256 GB SSD,39.62 cm (15.6 inch) Display,Laptop,
Avita Liber Core i5 8th Gen - (8 GB/256 GB SSD/Windows 10 Home) NS14A2IN204P Thin and Light Laptop,Intel Core i5 Processor (8th Gen),8 GB DDR4 RAM,64 bit Windows 10 Operating System,256 GB SSD,35.56 cm (14 inch) Display,Laptop,
Asus ROG Strix G Core i5 9th Gen - (8 GB/1 TB HDD/256 GB SSD/Windows 10 Home/4 GB Graphics/NVIDIA Gefo...,Intel Core i5 Processor (9th Gen),8 GB DDR4 RAM,64 bit Windows 10 Operating System,1 TB HDD|256 GB SSD,39.62 cm (15.6 inch) Display,Laptop,
Asus VivoBook 15 Core i3 7th Gen - (4 GB/1 TB HDD/Windows 10 Home) X543UA-DM341T Laptop,Intel Core i3 Processor (7th Gen),4 GB DDR4 RAM,64 bit Windows 10 Operating System,1 TB HDD,39.62 cm (15.6 inch) Display,Laptop,
Lenovo Core i7 8th Gen - (8 GB/1 TB HDD/Windows 10 Home/2 GB Graphics) L340-15IWL Laptop,Intel Core i7 Processor (8th Gen),8 GB DDR4 RAM,64 bit Windows 10 Operating System,1 TB HDD,39.62 cm (15.6 inch) Display,Laptop,
HP Omen Core i5 9th Gen - (8 GB/1 TB HDD/256 GB SSD/Windows 10 Home/4 GB Graphics/NVIDIA Geforce GTX 1...,Intel Core i5 Processor (9th Gen),8 GB DDR4 RAM,64 bit Windows 10 Operating System,1 TB HDD|256 GB SSD,39.62 cm (15.6 inch) Display,Laptop,
Acer Nitro 5 Ryzen 5 Quad Core - (8 GB/1 TB HDD/Windows 10 Home/4 GB Graphics/NVIDIA Geforce GTX 1650)...,AMD Ryzen 5 Quad Core Processor,8 GB DDR4 RAM,64 bit Windows 10 Operating System,1 TB HDD,39.62 cm (15.6 inch) Display,Laptop,
HP Pavilion Core i5 9th Gen - (8 GB/1 TB HDD/Windows 10 Home/3 GB Graphics/NVIDIA Geforce GTX 1050) 15...,Intel Core i5 Processor (9th Gen),8 GB DDR4 RAM,64 bit Windows 10 Operating System,1 TB HDD,39.62 cm (15.6 inch) Display,Laptop,
Asus ROG Strix G Core i7 9th Gen - (16 GB/1 TB HDD/256 GB SSD/Windows 10 Home/4 GB Graphics/NVIDIA Gef...,Intel Core i7 Processor (9th Gen),16 GB DDR4 RAM,64 bit Windows 10 Operating System,1 TB HDD|256 GB SSD,39.62 cm (15.6 inch) Display,Laptop,
Asus VivoBook 14 Ryzen 5 Quad Core 2nd Gen - (8 GB/512 GB SSD/Windows 10 Home) X412DA-EK501T Thin and ...,AMD Ryzen 5 Quad Core Processor (2nd Gen),8 GB DDR4 RAM,64 bit Windows 10 Operating System,512 GB SSD,35.56 cm (14 inch) Display,Laptop,
Avita Liber Core i5 8th Gen - (8 GB/256 GB SSD/Windows 10 Home) NS14A2IN206P Thin and Light Laptop,Intel Core i5 Processor (8th Gen),8 GB DDR4 RAM,64 bit Windows 10 Operating System,256 GB SSD,35.56 cm (14 inch) Display,Laptop,
HP 15q Core i3 7th Gen - (8 GB/1 TB HDD/DOS) 15q-ds0017TU Laptop,Intel Core i3 Processor (7th Gen),8 GB DDR4 RAM,DOS Operating System,1 TB HDD,39.62 cm (15.6 inch) Display,Laptop,
Acer NITRO 5 Core i5 9th Gen - (8 GB/1 TB HDD/Windows 10 Home/3 GB Graphics/NVIDIA Geforce GTX 1050) A...,Intel Core i5 Processor (9th Gen),8 GB DDR4 RAM,64 bit Windows 10 Operating System,1 TB HDD,39.62 cm (15.6 inch) Display,Laptop,
Asus VivoBook 14 Core i5 8th Gen - (8 GB/512 GB SSD/Windows 10 Home) X412FA-EK295T Thin and Light Lapt...,Intel Core i5 Processor (8th Gen),8 GB DDR4 RAM,64 bit Windows 10 Operating System,512 GB SSD,35.56 cm (14 inch) Display,Laptop,
Lenovo Ideapad 130 Core i3 7th Gen - (4 GB/1 TB HDD/Windows 10 Home) 130-14IKB Laptop,Intel Core i3 Processor (7th Gen),4 GB DDR4 RAM,64 bit Windows 10 Operating System,1 TB HDD,35.56 cm (14 inch) Display,Laptop,
HP Pavilion 15-EC Ryzen 5 Quad Core - (8 GB/1 TB HDD/128 GB SSD/Windows 10 Home/3 GB Graphics/NVIDIA G...,AMD Ryzen 5 Quad Core Processor,8 GB DDR4 RAM,64 bit Windows 10 Operating System,1 TB HDD|128 GB SSD,39.62 cm (15.6 inch) Display,Laptop,
HP Pavilion Ryzen 7 Quad Core - (8 GB/1 TB HDD/128 GB SSD/Windows 10 Home/6 GB Graphics/NVIDIA Geforce...,AMD Ryzen 7 Quad Core Processor,8 GB DDR4 RAM,64 bit Windows 10 Operating System,1 TB HDD|128 GB SSD,39.62 cm (15.6 inch) Display,Laptop,
HP 15 Ryzen 3 Dual Core - (4 GB/1 TB HDD/Windows 10 Home) 15-db1069AU Laptop,AMD Ryzen 3 Dual Core Processor,4 GB DDR4 RAM,64 bit Windows 10 Operating System,1 TB HDD,39.62 cm (15.6 inch) Display,Laptop,
Lenovo ideapad S145 Core i5 8th Gen - (8 GB/1 TB HDD/DOS) S145-15IWL Laptop,Intel Core i5 Processor (8th Gen),8 GB DDR4 RAM,DOS Operating System,1 TB HDD,39.62 cm (15.6 inch) Display,Laptop,
Avita Liber Core i5 8th Gen - (8 GB/256 GB SSD/Windows 10 Home) NS14A2IN214P Thin and Light Laptop,Intel Core i5 Processor (8th Gen),8 GB DDR4 RAM,64 bit Windows 10 Operating System,256 GB SSD,35.56 cm (14 inch) Display,Laptop,
Lenovo Ideapad 330 Pentium Quad Core - (4 GB/1 TB HDD/Windows 10 Home) 330-15IGM Laptop,Intel Pentium Quad Core Processor,4 GB DDR4 RAM,64 bit Windows 10 Operating System,1 TB HDD,39.62 cm (15.6 inch) Display,Laptop,
Acer Nitro 5 Core i7 8th Gen - (8 GB + 16 GB Optane/1 TB HDD/Windows 10 Home/4 GB Graphics/NVIDIA Gefo...,Intel Core i7 Processor (8th Gen),8 GB DDR4 RAM,64 bit Windows 10 Operating System,1 TB HDD,39.62 cm (15.6 inch) Display,Laptop,
Asus VivoBook 14 APU Quad Core A12 - (8 GB/512 GB SSD/Windows 10 Home) X411QA-EK202T Thin and Light La...,AMD APU Quad Core A12 Processor,8 GB DDR4 RAM,64 bit Windows 10 Operating System,512 GB SSD,35.56 cm (14 inch) Display,Laptop,
HP Pavilion 14-ce Core i5 10th Gen - (8 GB/512 GB SSD/Windows 10 Home) 14-ce3006TU Thin and Light Lapt...,Intel Core i5 Processor (10th Gen),8 GB DDR4 RAM,64 bit Windows 10 Operating System,512 GB SSD,35.56 cm (14 inch) Display,Laptop,
Acer Nitro 5 Ryzen 5 Quad Core - (8 GB/1 TB HDD/Windows 10 Home/4 GB Graphics/NVIDIA Geforce GTX 1650)...,AMD Ryzen 5 Quad Core Processor,8 GB DDR4 RAM,64 bit Windows 10 Operating System,1 TB HDD,39.62 cm (15.6 inch) Display,Laptop,
Dell G3 Series Core i5 8th Gen - (8 GB/1 TB HDD/128 GB SSD/Windows 10 Home/4 GB Graphics/NVIDIA Geforc...,Intel Core i5 Processor (8th Gen),8 GB DDR4 RAM,64 bit Windows 10 Operating System,1 TB HDD|128 GB SSD,39.62 cm (15.6 inch) Display,Laptop,
Acer Helios 300 Core i7 9th Gen - (16 GB/1 TB HDD/256 GB SSD/Windows 10 Home/6 GB Graphics/NVIDIA Gefo...,Intel Core i7 Processor (9th Gen),16 GB DDR4 RAM,64 bit Windows 10 Operating System,1 TB HDD|256 GB SSD,43.94 cm (17.3 inch) Display,Laptop,
Asus VivoBook S Series Core i5 8th Gen - (8 GB/1 TB HDD/256 GB SSD/Windows 10 Home) S430FA-EB031T Thin...,Intel Core i5 Processor (8th Gen),8 GB DDR4 RAM,64 bit Windows 10 Operating System,1 TB HDD|256 GB SSD,35.56 cm (14 inch) Display,Laptop,
HP Pavilion 15-EC Ryzen 5 Quad Core - (8 GB/1 TB HDD/128 GB SSD/Windows 10 Home/3 GB Graphics/NVIDIA G...,AMD Ryzen 5 Quad Core Processor,8 GB DDR4 RAM,64 bit Windows 10 Operating System,1 TB HDD|128 GB SSD,39.62 cm (15.6 inch) Display,Laptop,
Avita Liber Core i5 8th Gen - (8 GB/256 GB SSD/Windows 10 Home) NS14A2IN205P Thin and Light Laptop,Intel Core i5 Processor (8th Gen),8 GB DDR4 RAM,64 bit Windows 10 Operating System,256 GB SSD,35.56 cm (14 inch) Display,Laptop,
Avita Liber Core i5 8th Gen - (8 GB/256 GB SSD/Windows 10 Home) NS13A2IN214P Thin and Light Laptop,Intel Core i5 Processor (8th Gen),8 GB DDR4 RAM,64 bit Windows 10 Operating System,256 GB SSD,33.78 cm (13.3 inch) Display,Laptop,
HP Spectre x360 Core i5 10th Gen - (8 GB/512 GB SSD/Windows 10 Home) 13-aw0204TU 2 in 1 Laptop,Intel Core i5 Processor (10th Gen),8 GB DDR4 RAM,64 bit Windows 10 Operating System,512 GB SSD,33.78 cm (13.3 inch) Touchscreen Display,Laptop,
HP Pavilion x360 Core i5 10th Gen - (8 GB/256 GB SSD/Windows 10 Home) 14-dh1010TU 2 in 1 Laptop,Intel Core i5 Processor (10th Gen),8 GB DDR4 RAM,64 bit Windows 10 Operating System,256 GB SSD,35.56 cm (14 inch) Touchscreen Display,Laptop,
Avita Liber Core i5 8th Gen - (8 GB/256 GB SSD/Windows 10 Home) NS14A2IN206P Thin and Light Laptop,Intel Core i5 Processor (8th Gen),8 GB DDR4 RAM,64 bit Windows 10 Operating System,256 GB SSD,35.56 cm (14 inch) Display,Laptop,
HP 15 Core i3 8th Gen - (4 GB/1 TB HDD/Windows 10 Home) 15-di0006tu Thin and Light Laptop,Intel Core i3 Processor (8th Gen),4 GB DDR4 RAM,64 bit Windows 10 Operating System,1 TB HDD,39.62 cm (15.6 inch) Display,Laptop,
Acer Aspire 5 Core i3 7th Gen - (4 GB/1 TB HDD/Windows 10 Home) A515-53K Laptop,Intel Core i3 Processor (7th Gen),4 GB DDR4 RAM,64 bit Windows 10 Operating System,1 TB HDD,39.62 cm (15.6 inch) Display,Laptop,
HP Envy 13 Core i5 10th Gen - (8 GB + 32 GB Optane/512 GB SSD/Windows 10 Home) 13-aq1015TU Thin and Li...,Intel Core i5 Processor (10th Gen),8 GB DDR4 RAM,64 bit Windows 10 Operating System,512 GB SSD,33.78 cm (13.3 inch) Touchscreen Display,Laptop,
Avita Liber Core i5 8th Gen - (8 GB/256 GB SSD/Windows 10 Home) NS14A2IN214P Thin and Light Laptop,Intel Core i5 Processor (8th Gen),8 GB DDR4 RAM,64 bit Windows 10 Operating System,256 GB SSD,35.56 cm (14 inch) Display,Laptop,
Lenovo Ideapad S340 Core i5 8th Gen - (8 GB/512 GB SSD/Windows 10 Home/2 GB Graphics) S340 Thin and Li...,Intel Core i5 Processor (8th Gen),8 GB DDR4 RAM,64 bit Windows 10 Operating System,512 GB SSD,39.62 cm (15.6 inch) Display,Laptop,
Acer Nitro 5 Ryzen 5 Quad Core - (8 GB/1 TB HDD/256 GB SSD/Windows 10 Home/4 GB Graphics/NVIDIA Geforc...,AMD Ryzen 5 Quad Core Processor,8 GB DDR4 RAM,64 bit Windows 10 Operating System,1 TB HDD|256 GB SSD,39.62 cm (15.6 inch) Display,Laptop,
Asus VivoBook 15 APU Quad Core A12 - (8 GB/512 GB SSD/Windows 10 Home) X510QA-EJ202T Thin and Light La...,AMD APU Quad Core A12 Processor,8 GB DDR4 RAM,64 bit Windows 10 Operating System,512 GB SSD,39.62 cm (15.6 inch) Display,Laptop,
Asus Ryzen 5 Quad Core - (8 GB/1 TB HDD/Windows 10 Home) M509DA-EJ581T Laptop,AMD Ryzen 5 Quad Core Processor,8 GB DDR4 RAM,64 bit Windows 10 Operating System,1 TB HDD,39.62 cm (15.6 inch) Display,Laptop,
Dell Inspiron 5000 Core i5 8th Gen - (8 GB/1 TB HDD/512 GB SSD/Windows 10 Home/2 GB Graphics) 5584 Lap...,Intel Core i5 Processor (8th Gen),8 GB DDR4 RAM,64 bit Windows 10 Operating System,1 TB HDD|512 GB SSD,39.62 cm (15.6 inch) Display,Laptop,
HP Pavilion Ryzen 7 Quad Core - (8 GB/1 TB HDD/128 GB SSD/Windows 10 Home/6 GB Graphics/NVIDIA Geforce...,AMD Ryzen 7 Quad Core Processor,8 GB DDR4 RAM,64 bit Windows 10 Operating System,1 TB HDD|128 GB SSD,39.62 cm (15.6 inch) Display,Laptop,
Microsoft Surface Core i7 7th Gen - (16 GB/512 GB SSD/Windows 10 Pro) 1769 Thin and Light Laptop,Intel Core i7 Processor (7th Gen),16 GB DDR3 RAM,64 bit Windows 10 Operating System,512 GB SSD,34.29 cm (13.5 inch) Touchscreen Display,Laptop,
Asus ROG Zephyrus G Ryzen 7 Quad Core - (16 GB/512 GB SSD/Windows 10 Home/6 GB Graphics/NVIDIA Geforce...,AMD Ryzen 7 Quad Core Processor,16 GB DDR4 RAM,64 bit Windows 10 Operating System,512 GB SSD,39.62 cm (15.6 inch) Display,Laptop,
MSI P Core i5 10th Gen - (8 GB/512 GB SSD/Windows 10 Home/2 GB Graphics) Prestige 14 A10RB-031IN Thin ...,Intel Core i5 Processor (10th Gen),8 GB DDR4 RAM,64 bit Windows 10 Operating System,512 GB SSD,35.56 cm (14 inch) Display,Laptop,
Acer Nitro 5 Ryzen 5 Quad Core - (8 GB/1 TB HDD/Windows 10 Home/4 GB Graphics/NVIDIA Geforce GTX 1650)...,AMD Ryzen 5 Quad Core Processor,8 GB DDR4 RAM,64 bit Windows 10 Operating System,1 TB HDD,39.62 cm (15.6 inch) Display,Laptop,
HP 15q Core i3 7th Gen - (4 GB/1 TB HDD/Windows 10 Home) 15q-ds0007TU Laptop,Intel Core i3 Processor (7th Gen),4 GB DDR4 RAM,64 bit Windows 10 Operating System,1 TB HDD,39.62 cm (15.6 inch) Display,Laptop,
Microsoft Surface Pro 7 Core i7 10th Gen - (16 GB/256 GB SSD/Windows 10 Home) M1866 2 in 1 Laptop,Intel Core i7 Processor (10th Gen),16 GB LPDDR4X RAM,64 bit Windows 10 Operating System,256 GB SSD,31.24 cm (12.3 inch) Touchscreen Display,Laptop,
Avita Liber Core i5 8th Gen - (8 GB/256 GB SSD/Windows 10 Home) NS14A2IN199P Thin and Light Laptop,Intel Core i5 Processor (8th Gen),8 GB DDR4 RAM,64 bit Windows 10 Operating System,256 GB SSD,35.56 cm (14 inch) Display,Laptop,
HP 15 Core i5 8th Gen - (4 GB/1 TB HDD/Windows 10 Home) 15-di1001tu Laptop,Intel Core i5 Processor (8th Gen),4 GB DDR4 RAM,64 bit Windows 10 Operating System,1 TB HDD,39.62 cm (15.6 inch) Display,Laptop,
HP Pavilion Core i5 8th Gen - (8 GB/512 GB SSD/Windows 10 Home/2 GB Graphics) 14-ce1073TX Laptop,Intel Core i5 Processor (8th Gen),8 GB DDR4 RAM,64 bit Windows 10 Operating System,512 GB SSD,35.56 cm (14 inch) Display,Laptop,
HP Pavilion 15-EC Ryzen 5 Quad Core - (8 GB/1 TB HDD/128 GB SSD/Windows 10 Home/3 GB Graphics/NVIDIA G...,AMD Ryzen 5 Quad Core Processor,8 GB DDR4 RAM,64 bit Windows 10 Operating System,1 TB HDD|128 GB SSD,39.62 cm (15.6 inch) Display,Laptop,
Dell Vostro 3000 Core i3 8th Gen - (4 GB/1 TB HDD/Linux) 3480 Laptop,Intel Core i3 Processor (8th Gen),4 GB DDR4 RAM,Linux/Ubuntu Operating System,1 TB HDD,35.56 cm (14 inch) Display,Laptop,
Apple MacBook Air Core i5 8th Gen - (8 GB/128 GB SSD/Mac OS Mojave) MVFH2HN/A,Intel Core i5 Processor (8th Gen),8 GB DDR3 RAM,Mac OS Operating System,128 GB SSD,33.78 cm (13.3 inch) Display,Laptop,
Asus X Series Core i3 7th Gen - (4 GB/1 TB HDD/Endless) X540UA-GQ704 Laptop,Intel Core i3 Processor (7th Gen),4 GB DDR4 RAM,64 bit Endless Operating System,1 TB HDD,39.62 cm (15.6 inch) Display,Laptop,
Avita Liber Core i5 8th Gen - (8 GB/256 GB SSD/Windows 10 Home) NS14A2IN206P Thin and Light Laptop,Intel Core i5 Processor (8th Gen),8 GB DDR4 RAM,64 bit Windows 10 Operating System,256 GB SSD,35.56 cm (14 inch) Display,Laptop,
Asus VivoBook 14 Core i3 7th Gen - (4 GB/256 GB SSD/Windows 10 Home) X412UA-EK340T Thin and Light Lapt...,Intel Core i3 Processor (7th Gen),4 GB DDR4 RAM,64 bit Windows 10 Operating System,256 GB SSD,35.56 cm (14 inch) Display,Laptop,
HP DI Core i5 10th Gen - (8 GB/1 TB HDD/64 GB EMMC Storage/Windows 10 Home/2 GB Graphics) DI2001TX Lap...,Intel Core i5 Processor (10th Gen),8 GB DDR4 RAM,64 bit Windows 10 Operating System,1 TB HDD,39.62 cm (15.6 inch) Display,Laptop,
HP 15 Core i3 7th Gen - (4 GB/1 TB HDD/Windows 10 Home) 15-DA0410TU Thin and Light Laptop,Intel Core i3 Processor (7th Gen),4 GB DDR4 RAM,64 bit Windows 10 Operating System,1 TB HDD,39.62 cm (15.6 inch) Display,Laptop,
Apple MacBook Pro Core i5 7th Gen - (8 GB/128 GB SSD/Mac OS Sierra) MPXQ2HN/A,Intel Core i5 Processor (7th Gen),8 GB DDR3 RAM,64 bit Mac OS Operating System,128 GB SSD,33.78 cm (13.3 inch) Display,Laptop,
Avita Liber Core i5 8th Gen - (8 GB/256 GB SSD/Windows 10 Home) NS14A2IN214P Thin and Light Laptop,Intel Core i5 Processor (8th Gen),8 GB DDR4 RAM,64 bit Windows 10 Operating System,256 GB SSD,35.56 cm (14 inch) Display,Laptop,
Apple MacBook Air Core i5 8th Gen - (8 GB/256 GB SSD/Mac OS Mojave) A1932,Intel Core i5 Processor (8th Gen),8 GB DDR3 RAM,Mac OS Operating System,256 GB SSD,33.78 cm (13.3 inch) Display,Laptop,
Lenovo Ideapad L340 Core i7 9th Gen - (8 GB/1 TB HDD/128 GB SSD/Windows 10 Home/4 GB Graphics/NVIDIA G...,Intel Core i7 Processor (9th Gen),8 GB DDR4 RAM,64 bit Windows 10 Operating System,1 TB HDD|128 GB SSD,39.62 cm (15.6 inch) Display,Laptop,
Acer Swift 3 Core i5 8th Gen - (8 GB/512 GB SSD/Windows 10 Home) SF313-51 Thin and Light Laptop,Intel Core i5 Processor (8th Gen),8 GB DDR4 RAM,64 bit Windows 10 Operating System,512 GB SSD,33.78 cm (13.3 inch) Display,Laptop,
HP Pavilion Ryzen 7 Quad Core - (8 GB/1 TB HDD/128 GB SSD/Windows 10 Home/6 GB Graphics/NVIDIA Geforce...,AMD Ryzen 7 Quad Core Processor,8 GB DDR4 RAM,64 bit Windows 10 Operating System,1 TB HDD|128 GB SSD,39.62 cm (15.6 inch) Display,Laptop,
Asus ZenBook 13 Core i5 8th Gen - (8 GB/256 GB SSD/Windows 10 Home) UX331UAL-EG002T Thin and Light Lap...,Intel Core i5 Processor (8th Gen),8 GB DDR3 RAM,64 bit Windows 10 Operating System,256 GB SSD,33.78 cm (13.3 inch) Display,Laptop,
Dell Inspiron 13 7000 Series Core i5 8th Gen - (8 GB/512 GB SSD/Windows 10 Home) insp 7380 Thin and Li...,Intel Core i5 Processor (8th Gen),8 GB DDR4 RAM,64 bit Windows 10 Operating System,512 GB SSD,33.78 cm (13.3 inch) Display,Laptop,
Apple MacBook Pro Core i5 8th Gen - (8 GB/512 GB SSD/Mac OS Mojave) MV9A2HN,Intel Core i5 Processor (8th Gen),8 GB DDR3 RAM,Mac OS Operating System,512 GB SSD,33.78 cm (13.3 inch) Display,Laptop,
Asus Core i3 8th Gen - (4 GB/1 TB HDD/Windows 10 Home) X540UA-GQ2098T Laptop,Intel Core i3 Processor (8th Gen),4 GB DDR4 RAM,64 bit Windows 10 Operating System,1 TB HDD,39.62 cm (15.6 inch) Display,Laptop,
MSI P Core i7 9th Gen - (32 GB/1 TB SSD/Windows 10 Home/6 GB Graphics/NVIDIA Geforce RTX 2060) P65 Cre...,Intel Core i7 Processor (9th Gen),32 GB DDR4 RAM,64 bit Windows 10 Operating System,1 TB SSD,39.62 cm (15.6 inch) Display,Laptop,
Acer Nitro 5 Ryzen 5 Quad Core - (8 GB/1 TB HDD/Windows 10 Home/4 GB Graphics/NVIDIA Geforce GTX 1650)...,AMD Ryzen 5 Quad Core Processor,8 GB DDR4 RAM,64 bit Windows 10 Operating System,1 TB HDD,39.62 cm (15.6 inch) Display,Laptop,
HP Pavilion x360 Core i7 10th Gen - (16 GB/512 GB SSD/Windows 10 Home/2 GB Graphics) 14-dh1026TX 2 in ...,Intel Core i7 Processor (10th Gen),16 GB DDR4 RAM,64 bit Windows 10 Operating System,512 GB SSD,35.56 cm (14 inch) Touchscreen Display,Laptop,
Dell Vostro 3000 Core i5 8th Gen - (8 GB/1 TB HDD/Windows 10 Home) 3480 Laptop,Intel Core i5 Processor (8th Gen),8 GB DDR4 RAM,64 bit Windows 10 Operating System,1 TB HDD,35.56 cm (14 inch) Display,Laptop,
Asus ZenBook Core i5 8th Gen - (8 GB/256 GB SSD/Windows 10 Home) UX430UA-GV372T Thin and Light Laptop,Intel Core i5 Processor (8th Gen),8 GB DDR3 RAM,64 bit Windows 10 Operating System,256 GB SSD,35.56 cm (14 inch) Display,Laptop,
HP Pavilion 15-EC Ryzen 5 Quad Core - (8 GB/1 TB HDD/128 GB SSD/Windows 10 Home/3 GB Graphics/NVIDIA G...,AMD Ryzen 5 Quad Core Processor,8 GB DDR4 RAM,64 bit Windows 10 Operating System,1 TB HDD|128 GB SSD,39.62 cm (15.6 inch) Display,Laptop,
Dell Inspiron 3000 Core i5 10th Gen - (4 GB/1 TB HDD/256 GB SSD/Windows 10 Home) 3593 Thin and Light L...,Intel Core i5 Processor (10th Gen),4 GB DDR4 RAM,64 bit Windows 10 Operating System,1 TB HDD|256 GB SSD,39.62 cm (15.6 inch) Display,Laptop,
HP Envy 13 Core i3 8th Gen - (4 GB/128 GB SSD/Windows 10 Home) 13-ah0042tu Thin and Light Laptop,Intel Core i3 Processor (8th Gen),4 GB DDR3 RAM,64 bit Windows 10 Operating System,128 GB SSD,33.78 cm (13.3 inch) Display,Laptop,
Avita Liber Core i5 7th Gen - (8 GB/512 GB SSD/Windows 10 Home) NS13A1IN013P Thin and Light Laptop,Intel Core i5 Processor (7th Gen),8 GB DDR3 RAM,64 bit Windows 10 Operating System,512 GB SSD,33.78 cm (13.3 inch) Display,Laptop,
Asus X Series Core i3 7th Gen - (4 GB/1 TB HDD/Endless) X540UA-GQ703 Laptop,Intel Core i3 Processor (7th Gen),4 GB DDR4 RAM,64 bit Endless Operating System,1 TB HDD,39.62 cm (15.6 inch) Display,Laptop,
Apple MacBook Air Core i5 8th Gen - (8 GB/128 GB SSD/Mac OS Mojave) MVFM2HN/A,Intel Core i5 Processor (8th Gen),8 GB DDR3 RAM,Mac OS Operating System,128 GB SSD,33.78 cm (13.3 inch) Display,Laptop,
Avita Liber Core i5 8th Gen - (8 GB/256 GB SSD/Windows 10 Home) NS14A2IN206P Thin and Light Laptop,Intel Core i5 Processor (8th Gen),8 GB DDR4 RAM,64 bit Windows 10 Operating System,256 GB SSD,35.56 cm (14 inch) Display,Laptop,
Asus Vivobook 15 Ryzen 5 Quad Core - (8 GB/512 GB SSD/Windows 10 Home) X512DA-EJ502T Thin and Light La...,AMD Ryzen 5 Quad Core Processor,8 GB DDR4 RAM,64 bit Windows 10 Operating System,512 GB SSD,39.62 cm (15.6 inch) Display,Laptop,
Asus Ryzen 5 Quad Core - (4 GB/1 TB HDD/Windows 10 Home) M509DA-EJ542T Laptop,AMD Ryzen 5 Quad Core Processor,4 GB DDR4 RAM,64 bit Windows 10 Operating System,1 TB HDD,39.62 cm (15.6 inch) Display,Laptop,
Asus VivoBook 14 APU Quad Core A12 - (4 GB/1 TB HDD/Windows 10 Home) X411QA-EK002T Thin and Light Lapt...,AMD APU Quad Core A12 Processor,4 GB DDR4 RAM,64 bit Windows 10 Operating System,1 TB HDD,35.56 cm (14 inch) Display,Laptop,
Avita Liber Core i5 8th Gen - (8 GB/256 GB SSD/Windows 10 Home) NS14A2IN214P Thin and Light Laptop,Intel Core i5 Processor (8th Gen),8 GB DDR4 RAM,64 bit Windows 10 Operating System,256 GB SSD,35.56 cm (14 inch) Display,Laptop,
Lenovo IdeaPad S145 Core i5 8th Gen - (4 GB/1 TB HDD/Windows 10) S145-151WL Thin and Light Laptop,Intel Core i5 Processor (8th Gen),4 GB DDR4 RAM,64 bit Windows 10 Operating System,1 TB HDD,39.62 cm (15.6 inch) Display,Laptop,
Acer Swift 7 Core i5 7th Gen - (8 GB/256 GB SSD/Windows 10 Home) SF713-51 Thin and Light Laptop,Intel Core i5 Processor (7th Gen),8 GB DDR3 RAM,64 bit Windows 10 Operating System,256 GB SSD,33.78 cm (13.3 inch) Display,Laptop,
Acer Aspire 3 Celeron Dual Core - (2 GB/500 GB HDD/Linux) A315-31 Laptop,Intel Celeron Dual Core Processor,2 GB DDR3 RAM,Linux/Ubuntu Operating System,500 GB HDD,39.62 cm (15.6 inch) Display,Laptop,
Lenovo APU Dual Core A6 - (4 GB/1 TB HDD/Windows 10 Home) V145-15ASTU Laptop,AMD APU Dual Core A6 Processor,4 GB DDR4 RAM,64 bit Windows 10 Operating System,1 TB HDD,39.62 cm (15.6 inch) Display,Laptop,
Microsoft Surface Core i7 7th Gen - (8 GB/256 GB SSD/Windows 10 S) 1769 Thin and Light Laptop,Intel Core i7 Processor (7th Gen),8 GB DDR3 RAM,64 bit Windows 10 Operating System,256 GB SSD,34.29 cm (13.5 inch) Touchscreen Display,Laptop,
HP Pavilion Ryzen 7 Quad Core - (8 GB/1 TB HDD/128 GB SSD/Windows 10 Home/6 GB Graphics/NVIDIA Geforce...,AMD Ryzen 7 Quad Core Processor,8 GB DDR4 RAM,64 bit Windows 10 Operating System,1 TB HDD|128 GB SSD,39.62 cm (15.6 inch) Display,Laptop,
Acer Swift 3 Athlon Dual Core - (4 GB/1 TB HDD/Windows 10 Home) SF314-41 Thin and Light Laptop,AMD Athlon Dual Core Processor,4 GB DDR4 RAM,64 bit Windows 10 Operating System,1 TB HDD,35.56 cm (14 inch) Display,Laptop,
Lenovo Ideapad S145 Pentium Gold - (4 GB/1 TB HDD/Windows 10 Home) S145-15IWL Thin and Light Laptop,Intel Pentium Gold Processor,4 GB DDR4 RAM,64 bit Windows 10 Operating System,1 TB HDD,39.62 cm (15.6 inch) Display,Laptop,
HP Spectre x360 Core i7 8th Gen - (16 GB/512 GB SSD/Windows 10 Pro) 13-ae503TU 2 in 1 Laptop,Intel Core i7 Processor (8th Gen),16 GB DDR3 RAM,64 bit Windows 10 Operating System,512 GB SSD,33.78 cm (13.3 inch) Touchscreen Display,Laptop,
Acer Nitro 5 Ryzen 5 Quad Core - (8 GB/1 TB HDD/Windows 10 Home/4 GB Graphics/NVIDIA Geforce GTX 1650)...,AMD Ryzen 5 Quad Core Processor,8 GB DDR4 RAM,64 bit Windows 10 Operating System,1 TB HDD,39.62 cm (15.6 inch) Display,Laptop,
MSI Core i7 9th Gen - (16 GB/512 GB SSD/Windows 10 Home/6 GB Graphics/NVIDIA Geforce RTX 2060) GS65 St...,Intel Core i7 Processor (9th Gen),16 GB DDR4 RAM,64 bit Windows 10 Operating System,512 GB SSD,39.62 cm (15.6 inch) Display,Laptop,
Acer Swift 3 Core i5 8th Gen - (8 GB/1 TB HDD/128 GB SSD/Windows 10 Home/2 GB Graphics) SF315-52G Lapt...,Intel Core i5 Processor (8th Gen),8 GB DDR4 RAM,64 bit Windows 10 Operating System,1 TB HDD|128 GB SSD,39.62 cm (15.6 inch) Display,Laptop,
Dell Inspiron 7000 Core i7 9th Gen - (16 GB/512 GB SSD/Windows 10 Home/6 GB Graphics/NVIDIA Geforce RT...,Intel Core i7 Processor (9th Gen),16 GB DDR4 RAM,64 bit Windows 10 Operating System,512 GB SSD,39.62 cm (15.6 inch) Display,Laptop,
Asus VivoBook S15 Core i7 8th Gen - (8 GB/1 TB HDD/256 GB SSD/Windows 10 Home/2 GB Graphics) S530UN-BQ...,Intel Core i7 Processor (8th Gen),8 GB DDR4 RAM,64 bit Windows 10 Operating System,1 TB HDD|256 GB SSD,39.62 cm (15.6 inch) Display,Laptop,
HP Pavilion 15-EC Ryzen 5 Quad Core - (8 GB/1 TB HDD/128 GB SSD/Windows 10 Home/3 GB Graphics/NVIDIA G...,AMD Ryzen 5 Quad Core Processor,8 GB DDR4 RAM,64 bit Windows 10 Operating System,1 TB HDD|128 GB SSD,39.62 cm (15.6 inch) Display,Laptop,
Dell Inspiron 15 5000 Ryzen 5 Quad Core - (8 GB/1 TB HDD/Windows 10 Home) 5575 Laptop,AMD Ryzen 5 Quad Core Processor,8 GB DDR4 RAM,64 bit Windows 10 Operating System,1 TB HDD,39.62 cm (15.6 inch) Display,Laptop,
HP 15 Core i7 8th Gen - (16 GB/1 TB HDD/128 GB SSD/Windows 10 Home/4 GB Graphics) 15-dc0084TX Laptop,Intel Core i7 Processor (8th Gen),16 GB DDR4 RAM,64 bit Windows 10 Operating System,1 TB HDD|128 GB SSD,39.62 cm (15.6 inch) Display,Laptop,
Avita Liber Core i5 8th Gen - (8 GB/256 GB SSD/Windows 10 Home) NS14A2IN206P Thin and Light Laptop,Intel Core i5 Processor (8th Gen),8 GB DDR4 RAM,64 bit Windows 10 Operating System,256 GB SSD,35.56 cm (14 inch) Display,Laptop,
Acer Swift 3 Core i5 8th Gen - (8 GB/256 GB SSD/Windows 10 Home) SF313-51-506P Thin and Light Laptop,Intel Core i5 Processor (8th Gen),8 GB DDR4 RAM,64 bit Windows 10 Operating System,256 GB SSD,33.78 cm (13.3 inch) Display,Laptop,
Asus ROG Strix G Core i7 9th Gen - (8 GB/512 GB SSD/Windows 10 Home/4 GB Graphics/NVIDIA Geforce GTX 1...,Intel Core i7 Processor (9th Gen),8 GB DDR4 RAM,64 bit Windows 10 Operating System,512 GB SSD,39.62 cm (15.6 inch) Display,Laptop,
Apple MacBook Pro Core i5 8th Gen - (8 GB/256 GB SSD/Mac OS Mojave) MV992HN,Intel Core i5 Processor (8th Gen),8 GB DDR3 RAM,Mac OS Operating System,256 GB SSD,33.78 cm (13.3 inch) Display,Laptop,
Lenovo Yoga 730 Core i5 8th Gen - (8 GB/512 GB SSD/Windows 10 Home) 730-13IKB Thin and Light Laptop,Intel Core i5 Processor (8th Gen),8 GB DDR4 RAM,64 bit Windows 10 Operating System,512 GB SSD,33.78 cm (13.3 inch) Touchscreen Display,Laptop,
Acer Aspire 5 Core i5 7th Gen - (8 GB/1 TB HDD/Windows 10 Home/2 GB Graphics) A515-51G -5673 Laptop,Intel Core i5 Processor (7th Gen),8 GB DDR4 RAM,64 bit Windows 10 Operating System,1 TB HDD,39.62 cm (15.6 inch) Display,Laptop,
Avita Liber Core i5 8th Gen - (8 GB/256 GB SSD/Windows 10 Home) NS14A2IN214P Thin and Light Laptop,Intel Core i5 Processor (8th Gen),8 GB DDR4 RAM,64 bit Windows 10 Operating System,256 GB SSD,35.56 cm (14 inch) Display,Laptop,
Microsoft Surface Pro 6 Core i5 8th Gen - (8 GB/256 GB SSD/Windows 10 Home) 1796 2 in 1 Laptop,Intel Core i5 Processor (8th Gen),8 GB DDR3 RAM,64 bit Windows 10 Operating System,256 GB SSD,31.24 cm (12.3 inch) Touchscreen Display,Laptop,
Microsoft Surface Core i5 7th Gen - (8 GB/128 GB SSD/Windows 10 S) 1769 Thin and Light Laptop,Intel Core i5 Processor (7th Gen),8 GB DDR3 RAM,64 bit Windows 10 Operating System,128 GB SSD,34.29 cm (13.5 inch) Touchscreen Display,Laptop,
HP Pavilion Ryzen 7 Quad Core - (8 GB/1 TB HDD/128 GB SSD/Windows 10 Home/6 GB Graphics/NVIDIA Geforce...,AMD Ryzen 7 Quad Core Processor,8 GB DDR4 RAM,64 bit Windows 10 Operating System,1 TB HDD|128 GB SSD,39.62 cm (15.6 inch) Display,Laptop,
Acer Predator Helios 300 Core i7 9th Gen - (16 GB/1 TB HDD/256 GB SSD/Windows 10 Home/6 GB Graphics/NV...,Intel Core i7 Processor (9th Gen),16 GB DDR4 RAM,64 bit Windows 10 Operating System,1 TB HDD|256 GB SSD,39.62 cm (15.6 inch) Display,Laptop,
Lenovo Ideapad 330 Core i5 8th Gen - (8 GB/1 TB HDD/Windows 10 Home) 330-15IKB Laptop,Intel Core i5 Processor (8th Gen),8 GB DDR4 RAM,64 bit Windows 10 Operating System,1 TB HDD,39.62 cm (15.6 inch) Display,Laptop,
Nexstgo Core i5 8th Gen - (16 GB/512 GB SSD/Windows 10 Pro) NX101 Thin and Light Laptop,Intel Core i5 Processor (8th Gen),16 GB DDR4 RAM,64 bit Windows 10 Operating System,512 GB SSD,35.56 cm (14 inch) Display,Laptop,
Apple MacBook Pro Core i9 8th Gen - (16 GB/512 GB SSD/Mac OS Mojave/4 GB Graphics) MV932HN,Intel Core i9 Processor (8th Gen),16 GB DDR3 RAM,Mac OS Operating System,512 GB SSD,39.12 cm (15.4 inch) Display,Laptop,
Nexstgo Core i7 8th Gen - (8 GB/256 GB SSD/Windows 10 Pro) NX101 Thin and Light Laptop,Intel Core i7 Processor (8th Gen),8 GB DDR4 RAM,64 bit Windows 10 Operating System,256 GB SSD,35.56 cm (14 inch) Display,Laptop,
Apple MacBook Air Core i5 8th Gen - (8 GB/256 GB SSD/Mac OS Mojave) MREF2HN/A,Intel Core i5 Processor (8th Gen),8 GB DDR3 RAM,Mac OS Operating System,256 GB SSD,33.78 cm (13.3 inch) Display,Laptop,
Dell Inspiron 3000 Core i7 9th Gen - (8 GB/512 GB SSD/Windows 10 Home/4 GB Graphics/NVIDIA Geforce GTX...,Intel Core i7 Processor (9th Gen),8 GB DDR4 RAM,64 bit Windows 10 Operating System,512 GB SSD,39.62 cm (15.6 inch) Display,Laptop,
Asus VivoBook 15 Core i3 7th Gen - (4 GB/1 TB HDD/Windows 10 Home) X543UA-DM342T Laptop,Intel Core i3 Processor (7th Gen),4 GB DDR4 RAM,64 bit Windows 10 Operating System,1 TB HDD,39.62 cm (15.6 inch) Display,Laptop,
Apple MacBook Air Core i5 8th Gen - (8 GB/256 GB SSD/Mac OS Mojave) MRE92HN/A,Intel Core i5 Processor (8th Gen),8 GB DDR3 RAM,Mac OS Operating System,256 GB SSD,33.78 cm (13.3 inch) Display,Laptop,
Lenovo Legion Core i5 9th Gen - (8 GB/1 TB SSD/Windows 10/4 GB Graphics/NVIDIA Geforce GTX GTX1650) Le...,Intel Core i5 Processor (9th Gen),8 GB DDR4 RAM,64 bit Windows 10 Operating System,1 TB SSD,38.1 cm (15 inch) Display,Laptop,
Acer Predator Helios 300 Core i7 9th Gen - (16 GB/2 TB HDD/256 GB SSD/Windows 10 Home/6 GB Graphics/NV...,Intel Core i7 Processor (9th Gen),16 GB DDR4 RAM,64 bit Windows 10 Operating System,2 TB HDD|256 GB SSD,43.94 cm (17.3 inch) Display,Laptop,
Asus ZenBook 13 Core i7 8th Gen - (8 GB/512 GB SSD/Windows 10 Home) UX333FA-A4116T Thin and Light Lapt...,Intel Core i7 Processor (8th Gen),8 GB DDR3 RAM,64 bit Windows 10 Operating System,512 GB SSD,33.78 cm (13.3 inch) Display,Laptop,
Dell XPS 15 Core i9 9th Gen - (32 GB/1 TB SSD/Windows 10 Home/4 GB Graphics) 7590 Laptop,Intel Core i9 Processor (9th Gen),32 GB DDR4 RAM,64 bit Windows 10 Operating System,1 TB SSD,39.62 cm (15.6 inch) Display,Laptop,
Asus VivoBook S14 Core i7 8th Gen - (8 GB/1 TB HDD/256 GB SSD/Windows 10 Home) S410UA-EB720T Thin and ...,Intel Core i7 Processor (8th Gen),8 GB DDR4 RAM,64 bit Windows 10 Operating System,1 TB HDD|256 GB SSD,35.56 cm (14 inch) Display,Laptop,
Dell Inspiron 7000 Core i7 9th Gen - (16 GB/512 GB SSD/Windows 10 Home/6 GB Graphics/NVIDIA Geforce GT...,Intel Core i7 Processor (9th Gen),16 GB DDR4 RAM,64 bit Windows 10 Operating System,512 GB SSD,39.62 cm (15.6 inch) Display,Laptop,
Lenovo Ideapad S145 Core i3 8th Gen - (8 GB/1 TB HDD/Windows 10 Home/2 GB Graphics/NVIDIA Geforce NVID...,Intel Core i3 Processor (8th Gen),8 GB DDR4 RAM,64 bit Windows 10 Operating System,1 TB HDD,39.62 cm (15.6 inch) Display,Laptop,
Lenovo Core i3 8th Gen - (4 GB/256 GB SSD/Windows 10 Home) C340-14IWL 2 in 1 Laptop,Intel Core i3 Processor (8th Gen),4 GB DDR4 RAM,64 bit Windows 10 Operating System,256 GB SSD,35.56 cm (14 inch) Touchscreen Display,Laptop,
Lenovo B50-70 Notebook (4th Gen Ci5/ 8GB/ 1TB/ Win8/ 2GB Graph) (59-427747),Intel Core i5 Processor (4th Gen),8 GB DDR3 RAM,64 bit Windows 8 Operating System,1 TB HDD,39.62 cm (15.6 inch) Display,Laptop,
Asus Core i5 8th Gen - (8 GB/512 GB SSD/Windows 10 Home) X409FA-EK555T Laptop,Intel Core i5 Processor (8th Gen),8 GB DDR4 RAM,64 bit Windows 10 Operating System,512 GB SSD,35.56 cm (14 inch) Display,Laptop,
Acer Nitro 5 Ryzen 5 Quad Core - (8 GB/1 TB HDD/Windows 10 Home/4 GB Graphics/NVIDIA Geforce GTX 1650)...,AMD Ryzen 5 Quad Core Processor,8 GB DDR4 RAM,64 bit Windows 10 Operating System,1 TB HDD,39.62 cm (15.6 inch) Display,Laptop,
HP 15 Core i7 8th Gen - (8 GB/1 TB HDD/128 GB SSD/Windows 10 Home/4 GB Graphics) 15-dc0082TX Laptop,Intel Core i7 Processor (8th Gen),8 GB DDR4 RAM,64 bit Windows 10 Operating System,1 TB HDD|128 GB SSD,39.62 cm (15.6 inch) Display,Laptop,
HP 15s Core i3 8th Gen - (8 GB/1 TB HDD/Windows 10 Home) 15s-du0094tu Thin and Light Laptop,Intel Core i3 Processor (8th Gen),8 GB DDR4 RAM,64 bit Windows 10 Operating System,1 TB HDD,39.62 cm (15.6 inch) Display,Laptop,
HP Pavilion 15-EC Ryzen 5 Quad Core - (8 GB/1 TB HDD/128 GB SSD/Windows 10 Home/3 GB Graphics/NVIDIA G...,AMD Ryzen 5 Quad Core Processor,8 GB DDR4 RAM,64 bit Windows 10 Operating System,1 TB HDD|128 GB SSD,39.62 cm (15.6 inch) Display,Laptop,
Lenovo Ideapad 130 APU Dual Core A6 - (4 GB/1 TB HDD/DOS) 130-15AST Laptop,AMD APU Dual Core A6 Processor,4 GB DDR4 RAM,DOS Operating System,1 TB HDD,39.62 cm (15.6 inch) Display,Laptop,
Asus VivoBook Core i5 8th Gen - (8 GB/1 TB HDD/256 GB SSD/Windows 10 Home) S430UA-EB008T Thin and Ligh...,Intel Core i5 Processor (8th Gen),8 GB DDR4 RAM,64 bit Windows 10 Operating System,1 TB HDD|256 GB SSD,35.56 cm (14 inch) Display,Laptop,
HP Spectre Folio x360 Core i7 8th Gen - (16 GB/512 GB SSD/Windows 10 Pro) 13-ak0040TU 2 in 1 Laptop,Intel Core i7 Processor (8th Gen),16 GB DDR3 RAM,64 bit Windows 10 Operating System,512 GB SSD,33.78 cm (13.3 inch) Touchscreen Display,Laptop,
Lenovo Legion Y520 Core i7 7th Gen - (16 GB/1 TB HDD/128 GB SSD/Windows 10 Home/4 GB Graphics/NVIDIA G...,Intel Core i7 Processor (7th Gen),16 GB DDR4 RAM,64 bit Windows 10 Operating System,1 TB HDD|128 GB SSD,39.62 cm (15.6 inch) Display,Laptop,
Asus VivoBook 15 Core i3 10th Gen - (4 GB/512 GB SSD/Windows 10 Home) X512FA-EJ371T Thin and Light Lap...,Intel Core i3 Processor (10th Gen),4 GB DDR4 RAM,64 bit Windows 10 Operating System,512 GB SSD,39.62 cm (15.6 inch) Display,Laptop,
Avita Liber Core i5 8th Gen - (8 GB/256 GB SSD/Windows 10 Home) NS14A2IN206P Thin and Light Laptop,Intel Core i5 Processor (8th Gen),8 GB DDR4 RAM,64 bit Windows 10 Operating System,256 GB SSD,35.56 cm (14 inch) Display,Laptop,
Lenovo Legion Y Series Core i5 9th Gen - (8 GB/2 TB HDD/256 GB SSD/Windows 10/4 GB Graphics/NVIDIA Gef...,Intel Core i5 Processor (9th Gen),8 GB DDR4 RAM,64 bit Windows 10 Operating System,2 TB HDD|256 GB SSD,39.62 cm (15.6 inch) Display,Laptop,
HP 15 Core i5 10th Gen - (4 GB/1 TB HDD/256 GB SSD/Windows 10 Home) 15-di2000tu Laptop,Intel Core i5 Processor (10th Gen),4 GB DDR4 RAM,64 bit Windows 10 Operating System,1 TB HDD|256 GB SSD,39.62 cm (15.6 inch) Display,Laptop,
Avita Liber Core i5 8th Gen - (8 GB/256 GB SSD/Windows 10 Home) NS14A2IN214P Thin and Light Laptop,Intel Core i5 Processor (8th Gen),8 GB DDR4 RAM,64 bit Windows 10 Operating System,256 GB SSD,35.56 cm (14 inch) Display,Laptop,
HP Pavilion 13 Core i5 8th Gen - (8 GB/256 GB SSD/Windows 10 Home) 13-an0046tu Thin and Light Laptop,Intel Core i5 Processor (8th Gen),8 GB DDR4 RAM,64 bit Windows 10 Operating System,256 GB SSD,33.78 cm (13.3 inch) Display,Laptop,
Asus VivoBook 15 APU Quad Core A12 - (8 GB/512 GB SSD/Windows 10 Home) X510QA-EJ201T Thin and Light La...,AMD APU Quad Core A12 Processor,8 GB DDR4 RAM,64 bit Windows 10 Operating System,512 GB SSD,39.62 cm (15.6 inch) Display,Laptop,
HP DA Core i3 8th Gen - (4 GB/1 TB HDD/64 GB EMMC Storage/Windows 10 Home) HP15-DA0411TU Laptop,Intel Core i3 Processor (8th Gen),4 GB DDR4 RAM,64 bit Windows 10 Operating System,1 TB HDD,39.62 cm (15.6 inch) Display,Laptop,
Asus ZenBook Pro Duo Core i9 9th Gen - (32 GB/1 TB SSD/Windows 10 Home/6 GB Graphics) UX581GV-H9201T L...,Intel Core i9 Processor (9th Gen),32 GB DDR4 RAM,64 bit Windows 10 Operating System,1 TB SSD,39.62 cm (15.6 inch) Touchscreen Display,Laptop,
HP Pavilion Ryzen 7 Quad Core - (8 GB/1 TB HDD/128 GB SSD/Windows 10 Home/6 GB Graphics/NVIDIA Geforce...,AMD Ryzen 7 Quad Core Processor,8 GB DDR4 RAM,64 bit Windows 10 Operating System,1 TB HDD|128 GB SSD,39.62 cm (15.6 inch) Display,Laptop,
Dell Inspiron 3000 Core i7 9th Gen - (8 GB/512 GB SSD/Windows 10 Home/4 GB Graphics/NVIDIA Geforce GTX...,Intel Core i7 Processor (9th Gen),8 GB DDR4 RAM,64 bit Windows 10 Operating System,512 GB SSD,39.62 cm (15.6 inch) Display,Laptop,
HP 14s Core i5 10th Gen - (8 GB/1 TB HDD/256 GB SSD/Windows 10 Home) 14s-CR2000TU Thin and Light Lapto...,Intel Core i5 Processor (10th Gen),8 GB DDR4 RAM,64 bit Windows 10 Operating System,1 TB HDD|256 GB SSD,35.56 cm (14 inch) Display,Laptop,
Avita Liber Core i5 8th Gen - (8 GB/256 GB SSD/Windows 10 Home) NS14A2IN206P Thin and Light Laptop,Intel Core i5 Processor (8th Gen),8 GB DDR4 RAM,64 bit Windows 10 Operating System,256 GB SSD,35.56 cm (14 inch) Display,Laptop,
Acer Nitro 5 Ryzen 5 Quad Core - (8 GB/1 TB HDD/Windows 10 Home/4 GB Graphics/NVIDIA Geforce GTX 1650)...,AMD Ryzen 5 Quad Core Processor,8 GB DDR4 RAM,64 bit Windows 10 Operating System,1 TB HDD,39.62 cm (15.6 inch) Display,Laptop,
Acer Predator Helios 300 Core i5 9th Gen - (16 GB/1 TB HDD/256 GB SSD/Windows 10 Home/6 GB Graphics/NV...,Intel Core i5 Processor (9th Gen),16 GB DDR4 RAM,64 bit Windows 10 Operating System,1 TB HDD|256 GB SSD,39.62 cm (15.6 inch) Display,Laptop,
Lenovo Ideapad S340 Core i5 10th Gen - (8 GB/1 TB HDD/256 GB SSD/Windows 10 Home/2 GB Graphics) S340-1...,Intel Core i5 Processor (10th Gen),8 GB DDR4 RAM,64 bit Windows 10 Operating System,1 TB HDD|256 GB SSD,39.62 cm (15.6 inch) Display,Laptop,
Dell Vostro 3000 Core i5 8th Gen - (8 GB/1 TB HDD/Windows 10 Home) 3480 Laptop,Intel Core i5 Processor (8th Gen),8 GB DDR4 RAM,64 bit Windows 10 Operating System,1 TB HDD,35.56 cm (14 inch) Display,Laptop,
Lenovo Legion Y540 Core i5 9th Gen - (8 GB/512 GB SSD/Windows 10/4 GB Graphics/NVIDIA Geforce GTX NVID...,Intel Core i5 Processor (9th Gen),8 GB DDR4 RAM,64 bit Windows 10 Operating System,512 GB SSD,39.62 cm (15.6 inch) Display,Laptop,
Asus Core i5 8th Gen - (8 GB/512 GB SSD/Windows 10 Home/2 GB Graphics) X509FJ-EJ502T Laptop,Intel Core i5 Processor (8th Gen),8 GB DDR4 RAM,64 bit Windows 10 Operating System,512 GB SSD,39.62 cm (15.6 inch) Display,Laptop,
HP Pavilion 15-EC Ryzen 5 Quad Core - (8 GB/1 TB HDD/128 GB SSD/Windows 10 Home/3 GB Graphics/NVIDIA G...,AMD Ryzen 5 Quad Core Processor,8 GB DDR4 RAM,64 bit Windows 10 Operating System,1 TB HDD|128 GB SSD,39.62 cm (15.6 inch) Display,Laptop,
HP DA Core i3 7th Gen - (4 GB/1 TB HDD/Windows 10 Home) 15-DA0410TU Laptop,Intel Core i3 Processor (7th Gen),4 GB DDR4 RAM,64 bit Windows 10 Operating System,1 TB HDD,39.62 cm (15.6 inch) Display,Laptop,
HP 15q Core i3 7th Gen - (4 GB/1 TB HDD/DOS) 15q-ds0015tu Laptop,Intel Core i3 Processor (7th Gen),4 GB DDR4 RAM,64 bit DOS Operating System,1 TB HDD,39.62 cm (15.6 inch) Display,Laptop,
Lenovo Ideapad 520 Core i5 8th Gen - (4 GB/1 TB HDD/Windows 10 Home/2 GB Graphics) 520-15IKB Laptop,Intel Core i5 Processor (8th Gen),4 GB DDR4 RAM,64 bit Windows 10 Operating System,1 TB HDD,39.62 cm (15.6 inch) Display,Laptop,
Avita Liber Core i5 8th Gen - (8 GB/256 GB SSD/Windows 10 Home) NS14A2IN214P Thin and Light Laptop,Intel Core i5 Processor (8th Gen),8 GB DDR4 RAM,64 bit Windows 10 Operating System,256 GB SSD,35.56 cm (14 inch) Display,Laptop,
Asus X512FA Core i3 10th Gen - (4 GB/512 GB SSD/Windows 10 Home) X512FA-EJ372T Laptop,Intel Core i3 Processor (10th Gen),4 GB DDR4 RAM,64 bit Windows 10 Operating System,512 GB SSD,39.62 cm (15.6 inch) Display,Laptop,
Acer Aspire 3 Pentium Quad Core - (4 GB/500 GB HDD/Windows 10 Home) A315-34-P7EG Laptop,Intel Pentium Quad Core Processor,4 GB DDR4 RAM,64 bit Windows 10 Operating System,500 GB HDD,39.62 cm (15.6 inch) Display,Laptop,
Asus VivoBook 14 Core i5 8th Gen - (8 GB/512 GB SSD/Windows 10 Home/2 GB Graphics) X412FJ-EK176T Thin ...,Intel Core i5 Processor (8th Gen),8 GB DDR4 RAM,64 bit Windows 10 Operating System,512 GB SSD,35.56 cm (14 inch) Display,Laptop,
HP Pavilion Ryzen 7 Quad Core - (8 GB/1 TB HDD/128 GB SSD/Windows 10 Home/6 GB Graphics/NVIDIA Geforce...,AMD Ryzen 7 Quad Core Processor,8 GB DDR4 RAM,64 bit Windows 10 Operating System,1 TB HDD|128 GB SSD,39.62 cm (15.6 inch) Display,Laptop,
Acer Swift 5 Core i5 8th Gen - (8 GB/512 GB SSD/Windows 10 Home) SF514-52T -59JY Thin and Light Laptop,Intel Core i5 Processor (8th Gen),8 GB DDR3 RAM,64 bit Windows 10 Operating System,512 GB SSD,35.56 cm (14 inch) Display,Laptop,
Lenovo Ideapad 720S Core i5 8th Gen - (8 GB/512 GB SSD/Windows 10 Home) 720S-13IKB Thin and Light Lapt...,Intel Core i5 Processor (8th Gen),8 GB DDR4 RAM,64 bit Windows 10 Operating System,512 GB SSD,33.78 cm (13.3 inch) Display,Laptop,
Asus ROG Strix G Core i7 9th Gen - (8 GB/1 TB HDD/256 GB SSD/Windows 10 Home/4 GB Graphics/NVIDIA Gefo...,Intel Core i7 Processor (9th Gen),8 GB DDR4 RAM,64 bit Windows 10 Operating System,1 TB HDD|256 GB SSD,39.62 cm (15.6 inch) Display,Laptop,
Avita Liber Core i5 8th Gen - (8 GB/256 GB SSD/Windows 10 Home) NS14A2IN199P Thin and Light Laptop,Intel Core i5 Processor (8th Gen),8 GB DDR4 RAM,64 bit Windows 10 Operating System,256 GB SSD,35.56 cm (14 inch) Display,Laptop,
Asus VivoBook 14 Core i5 8th Gen - (8 GB/512 GB SSD/Windows 10 Home) X412FA-EK268T Thin and Light Lapt...,Intel Core i5 Processor (8th Gen),8 GB DDR4 RAM,64 bit Windows 10 Operating System,512 GB SSD,35.56 cm (14 inch) Display,Laptop,
HP 14q Core i3 7th Gen - (4 GB/1 TB HDD/Windows 10 Home) 14q-CS0005TU Thin and Light Laptop,Intel Core i3 Processor (7th Gen),4 GB DDR4 RAM,64 bit Windows 10 Operating System,1 TB HDD,35.56 cm (14 inch) Display,Laptop,
Asus VivoBook 14 APU Quad Core A12 - (8 GB/512 GB SSD/Windows 10 Home) X411QA-EK201T Thin and Light La...,AMD APU Quad Core A12 Processor,8 GB DDR4 RAM,64 bit Windows 10 Operating System,512 GB SSD,35.56 cm (14 inch) Display,Laptop,
Lenovo Legion Y540 Core i5 9th Gen - (8 GB/1 TB HDD/128 GB SSD/Windows 10/4 GB Graphics/NVIDIA Geforce...,Intel Core i5 Processor (9th Gen),8 GB DDR4 RAM,64 bit Windows 10 Operating System,1 TB HDD|128 GB SSD,39.62 cm (15.6 inch) Display,Laptop,
Acer Nitro 5 Ryzen 5 Quad Core - (8 GB/1 TB HDD/Windows 10 Home/4 GB Graphics/NVIDIA Geforce GTX 1650)...,AMD Ryzen 5 Quad Core Processor,8 GB DDR4 RAM,64 bit Windows 10 Operating System,1 TB HDD,39.62 cm (15.6 inch) Display,Laptop,
Asus ZenBook 13 Core i5 8th Gen - (8 GB/512 GB SSD/Windows 10 Home) UX333FA-A4184T Thin and Light Lapt...,Intel Core i5 Processor (8th Gen),8 GB DDR3 RAM,64 bit Windows 10 Operating System,512 GB SSD,33.78 cm (13.3 inch) Display,Laptop,
Dell Vostro 3000 Core i3 7th Gen - (4 GB/1 TB HDD/Windows 10 Home) 3581 Laptop,Intel Core i3 Processor (7th Gen),4 GB DDR4 RAM,64 bit Windows 10 Operating System,1 TB HDD,39.62 cm (15.6 inch) Display,Laptop,
HP Pavilion x360 14 Core i3 10th Gen - (4 GB/256 GB SSD/Windows 10 Home) 14-dh1007TU 2 in 1 Laptop,Intel Core i3 Processor (10th Gen),4 GB DDR4 RAM,64 bit Windows 10 Operating System,256 GB SSD,35.56 cm (14 inch) Touchscreen Display,Laptop,
HP Pavilion 15-EC Ryzen 5 Quad Core - (8 GB/1 TB HDD/128 GB SSD/Windows 10 Home/3 GB Graphics/NVIDIA G...,AMD Ryzen 5 Quad Core Processor,8 GB DDR4 RAM,64 bit Windows 10 Operating System,1 TB HDD|128 GB SSD,39.62 cm (15.6 inch) Display,Laptop,
Asus ROG Strix G Core i7 9th Gen - (16 GB/512 GB SSD/Windows 10 Home/4 GB Graphics/NVIDIA Geforce GTX ...,Intel Core i7 Processor (9th Gen),16 GB DDR4 RAM,64 bit Windows 10 Operating System,512 GB SSD,39.62 cm (15.6 inch) Display,Laptop,
Asus Vivobook 15 Ryzen 5 Quad Core - (8 GB/512 GB SSD/Windows 10 Home) X512DA-EJ501T Thin and Light La...,AMD Ryzen 5 Quad Core Processor,8 GB DDR4 RAM,64 bit Windows 10 Operating System,512 GB SSD,39.62 cm (15.6 inch) Display,Laptop,
Lenovo Ideapad 130 Core i5 8th Gen - (4 GB/1 TB HDD/Windows 10 Home) 130-14IKB Laptop,Intel Core i5 Processor (8th Gen),4 GB DDR4 RAM,64 bit Windows 10 Operating System,1 TB HDD,35.56 cm (14 inch) Display,Laptop,
Asus 15 Core i5 8th Gen - (8 GB/512 GB SSD/Windows 10 Home/2 GB Graphics) X512FL-EJ502T Laptop,Intel Core i5 Processor (8th Gen),8 GB DDR4 RAM,64 bit Windows 10 Operating System,512 GB SSD,39.62 cm (15.6 inch) Display,Laptop,
Avita Liber Core i5 8th Gen - (8 GB/256 GB SSD/Windows 10 Home) NS14A2IN206P Thin and Light Laptop,Intel Core i5 Processor (8th Gen),8 GB DDR4 RAM,64 bit Windows 10 Operating System,256 GB SSD,35.56 cm (14 inch) Display,Laptop,
HP 240 G7 Core i3 7th Gen - (4 GB/256 GB SSD/DOS) 240 G7 Laptop,Intel Core i3 Processor (7th Gen),4 GB DDR4 RAM,DOS Operating System,256 GB SSD,35.56 cm (14 inch) Display,Laptop,
Dell Inspiron 3000 Core i5 10th Gen - (4 GB/512 GB SSD/Windows 10 Home) 3593 Laptop,Intel Core i5 Processor (10th Gen),4 GB DDR4 RAM,64 bit Windows 10 Operating System,512 GB SSD,39.62 cm (15.6 inch) Display,Laptop,
Avita Liber Core i5 8th Gen - (8 GB/256 GB SSD/Windows 10 Home) NS14A2IN214P Thin and Light Laptop,Intel Core i5 Processor (8th Gen),8 GB DDR4 RAM,64 bit Windows 10 Operating System,256 GB SSD,35.56 cm (14 inch) Display,Laptop,
Lenovo Ideapad S540 Core i5 10th Gen - (8 GB/512 GB SSD/Windows 10 Home/2 GB Graphics) S540-13IML Thin...,Intel Core i5 Processor (10th Gen),8 GB DDR4 RAM,64 bit Windows 10 Operating System,512 GB SSD,33.78 cm (13.3 inch) Display,Laptop,
Asus Core i5 8th Gen - (8 GB/1 TB HDD/Windows 10 Home/2 GB Graphics) X507UF-EJ281T Laptop,Intel Core i5 Processor (8th Gen),8 GB DDR4 RAM,64 bit Windows 10 Operating System,1 TB HDD,39.62 cm (15.6 inch) Display,Laptop,
Asus Vivobook Core i7 8th Gen - (8 GB/1 TB HDD/Windows 10 Home/2 GB Graphics) X510UN-EJ330T Laptop,Intel Core i7 Processor (8th Gen),8 GB DDR4 RAM,64 bit Windows 10 Operating System,1 TB HDD,39.62 cm (15.6 inch) Display,Laptop,
HP 15s Core i3 7th Gen - (4 GB/1 TB HDD/256 GB SSD/Windows 10 Home) 15s-du0050TU Laptop,Intel Core i3 Processor (7th Gen),4 GB DDR4 RAM,64 bit Windows 10 Operating System,1 TB HDD|256 GB SSD,39.62 cm (15.6 inch) Display,Laptop,
HP Pavilion Ryzen 7 Quad Core - (8 GB/1 TB HDD/128 GB SSD/Windows 10 Home/6 GB Graphics/NVIDIA Geforce...,AMD Ryzen 7 Quad Core Processor,8 GB DDR4 RAM,64 bit Windows 10 Operating System,1 TB HDD|128 GB SSD,39.62 cm (15.6 inch) Display,Laptop,
Lenovo Ideapad 130 Core i3 7th Gen - (4 GB/1 TB HDD/Windows 10 Home) 130-15IKB Laptop,Intel Core i3 Processor (7th Gen),4 GB DDR4 RAM,64 bit Windows 10 Operating System,1 TB HDD,39.62 cm (15.6 inch) Display,Laptop,
Asus Core i5 8th Gen - (8 GB/1 TB HDD/Windows 10 Home/2 GB Graphics) X509FJ-EJ502T Laptop,Intel Core i5 Processor (8th Gen),8 GB DDR4 RAM,64 bit Windows 10 Operating System,1 TB HDD,39.62 cm (15.6 inch) Display,Laptop,
Asus VivoBook S14 Core i7 8th Gen - (8 GB/1 TB HDD/256 GB SSD/Windows 10 Home/2 GB Graphics) S430FN-EB...,Intel Core i7 Processor (8th Gen),8 GB DDR4 RAM,64 bit Windows 10 Operating System,1 TB HDD|256 GB SSD,35.56 cm (14 inch) Display,Laptop,
Acer Nitro 5 Ryzen 5 Quad Core - (8 GB/1 TB HDD/Windows 10 Home/4 GB Graphics/NVIDIA Geforce GTX 1650)...,AMD Ryzen 5 Quad Core Processor,8 GB DDR4 RAM,64 bit Windows 10 Operating System,1 TB HDD,39.62 cm (15.6 inch) Display,Laptop,
Avita Liber Core i5 7th Gen - (8 GB/512 GB SSD/Windows 10 Home) NS13A1IN015P Thin and Light Laptop,Intel Core i5 Processor (7th Gen),8 GB DDR3 RAM,64 bit Windows 10 Operating System,512 GB SSD,33.78 cm (13.3 inch) Display,Laptop,
Avita Liber Core i5 7th Gen - (8 GB/512 GB SSD/Windows 10 Home) NS13A1IN014P Thin and Light Laptop,Intel Core i5 Processor (7th Gen),8 GB DDR3 RAM,64 bit Windows 10 Operating System,512 GB SSD,33.78 cm (13.3 inch) Display,Laptop,
Dell Inspiron 5000 Core i5 10th Gen - (8 GB/1 TB HDD/512 GB SSD/Windows 10 Home/2 GB Graphics) 5593 La...,Intel Core i5 Processor (10th Gen),8 GB DDR4 RAM,64 bit Windows 10 Operating System,1 TB HDD|512 GB SSD,39.62 cm (15.6 inch) Display,Laptop,
Avita Liber Core i5 7th Gen - (8 GB/512 GB SSD/Windows 10 Home) NS13A1IN012P Thin and Light Laptop,Intel Core i5 Processor (7th Gen),8 GB DDR3 RAM,64 bit Windows 10 Operating System,512 GB SSD,33.78 cm (13.3 inch) Display,Laptop,
HP Pavilion 15-EC Ryzen 5 Quad Core - (8 GB/1 TB HDD/128 GB SSD/Windows 10 Home/3 GB Graphics/NVIDIA G...,AMD Ryzen 5 Quad Core Processor,8 GB DDR4 RAM,64 bit Windows 10 Operating System,1 TB HDD|128 GB SSD,39.62 cm (15.6 inch) Display,Laptop,
Asus Vivobook Core i5 8th Gen - (4 GB + 16 GB Optane/1 TB HDD/Windows 10 Home/2 GB Graphics) X510UF-EJ...,Intel Core i5 Processor (8th Gen),4 GB DDR4 RAM,64 bit Windows 10 Operating System,1 TB HDD,39.62 cm (15.6 inch) Display,Laptop,
Asus VivoBook Ryzen 5 Quad Core - (8 GB/1 TB HDD/Windows 10 Home) X505ZA-EJ509TX505Z Thin and Light La...,AMD Ryzen 5 Quad Core Processor,8 GB DDR4 RAM,64 bit Windows 10 Operating System,1 TB HDD,39.62 cm (15.6 inch) Display,Laptop,
Dell Inspiron 14 5000 Series Core i3 8th Gen - (4 GB/1 TB HDD/Windows 10 Home) 5482 2 in 1 Laptop,Intel Core i3 Processor (8th Gen),4 GB DDR4 RAM,64 bit Windows 10 Operating System,1 TB HDD,35.56 cm (14 inch) Touchscreen Display,Laptop,
Avita Liber Core i5 8th Gen - (8 GB/256 GB SSD/Windows 10 Home) NS14A2IN206P Thin and Light Laptop,Intel Core i5 Processor (8th Gen),8 GB DDR4 RAM,64 bit Windows 10 Operating System,256 GB SSD,35.56 cm (14 inch) Display,Laptop,
Lenovo IdeaPad 330 Core i5 8th Gen - (8 GB/1 TB HDD/Windows 10) 81DE008PIN Laptop,Intel Core i5 Processor (8th Gen),8 GB DDR4 RAM,64 bit Windows 10 Operating System,1 TB HDD,39.62 cm (15.6 inch) Display,Laptop,
Apple MacBook Air Core i5 8th Gen - (8 GB/128 GB SSD/Mac OS Mojave) MVFK2HN/A,Intel Core i5 Processor (8th Gen),8 GB DDR3 RAM,Mac OS Operating System,128 GB SSD,33.78 cm (13.3 inch) Display,Laptop,
Lenovo E Core i3 7th Gen - (4 GB/1 TB HDD/DOS) E480 Business Laptop,Intel Core i3 Processor (7th Gen),4 GB DDR3 RAM,DOS Operating System,1 TB HDD,35.56 cm (14 inch) Display,Laptop,
Acer NITRO 5 Core i7 9th Gen - (8 GB/2 TB HDD/256 GB SSD/Windows 10 Home/6 GB Graphics/NVIDIA Geforce ...,Intel Core i7 Processor (9th Gen),8 GB DDR4 RAM,64 bit Windows 10 Operating System,2 TB HDD|256 GB SSD,39.62 cm (15.6 inch) Display,Laptop,
Avita Liber Core i5 8th Gen - (8 GB/256 GB SSD/Windows 10 Home) NS14A2IN214P Thin and Light Laptop,Intel Core i5 Processor (8th Gen),8 GB DDR4 RAM,64 bit Windows 10 Operating System,256 GB SSD,35.56 cm (14 inch) Display,Laptop,
Dell Inspiron 5000 Core i7 10th Gen - (8 GB/1 TB HDD/512 GB SSD/Windows 10 Home/4 GB Graphics) 5593 La...,Intel Core i7 Processor (10th Gen),8 GB DDR4 RAM,64 bit Windows 10 Operating System,1 TB HDD|512 GB SSD,39.62 cm (15.6 inch) Display,Laptop,
MSI GL Series Core i5 8th Gen - (8 GB/1 TB HDD/Windows 10 Home/4 GB Graphics/NVIDIA Geforce GTX 1050) ...,Intel Core i5 Processor (8th Gen),8 GB DDR4 RAM,64 bit Windows 10 Operating System,1 TB HDD,39.62 cm (15.6 inch) Display,Laptop,
Dell Inspiron 15 3000 Series Core i7 8th Gen - (8 GB/2 TB HDD/Windows 10 Home/2 GB Graphics) ins 3576 ...,Intel Core i7 Processor (8th Gen),8 GB DDR4 RAM,64 bit Windows 10 Operating System,2 TB HDD,39.62 cm (15.6 inch) Display,Laptop,
HP Pavilion Ryzen 7 Quad Core - (8 GB/1 TB HDD/128 GB SSD/Windows 10 Home/6 GB Graphics/NVIDIA Geforce...,AMD Ryzen 7 Quad Core Processor,8 GB DDR4 RAM,64 bit Windows 10 Operating System,1 TB HDD|128 GB SSD,39.62 cm (15.6 inch) Display,Laptop,
MSI Core i7 9th Gen - (16 GB/1 TB HDD/256 GB SSD/Windows 10 Home/6 GB Graphics/NVIDIA Geforce GTX 1660...,Intel Core i7 Processor (9th Gen),16 GB DDR4 RAM,64 bit Windows 10 Operating System,1 TB HDD|256 GB SSD,39.62 cm (15.6 inch) Display,Laptop,
Lenovo Ideapad 330 APU Dual Core A6 7th Gen - (4 GB/1 TB HDD/Windows 10 Home/512 MB Graphics) 81D600LA...,Intel APU Dual Core A6 Processor (7th Gen),4 GB DDR4 RAM,64 bit Windows 10 Operating System,1 TB HDD,39.62 cm (15.6 inch) Display,Laptop,
Lenovo Ideapad 130 Core i3 6th Gen - (4 GB/1 TB HDD/Windows 10 Home) 130-15IKB Laptop,Intel Core i3 Processor (6th Gen),4 GB DDR4 RAM,64 bit Windows 10 Operating System,1 TB HDD,39.62 cm (15.6 inch) Display,Laptop,
Acer Nitro 5 Ryzen 5 Quad Core - (8 GB/1 TB HDD/Windows 10 Home/4 GB Graphics/NVIDIA Geforce GTX 1650)...,AMD Ryzen 5 Quad Core Processor,8 GB DDR4 RAM,64 bit Windows 10 Operating System,1 TB HDD,39.62 cm (15.6 inch) Display,Laptop,
HP 15q Core i5 7th Gen - (4 GB/1 TB HDD/Windows 10 Home) 15q-ds0028TU Laptop,Intel Core i5 Processor (7th Gen),4 GB DDR4 RAM,64 bit Windows 10 Operating System,1 TB HDD,39.62 cm (15.6 inch) Display,Laptop,
Asus ZenBook 13 Core i5 8th Gen - (8 GB/256 GB SSD/Windows 10 Home) UX331FAL-EG075T Thin and Light Lap...,Intel Core i5 Processor (8th Gen),8 GB DDR4 RAM,64 bit Windows 10 Operating System,256 GB SSD,33.78 cm (13.3 inch) Display,Laptop,
HP Pavilion 15-EC Ryzen 5 Quad Core - (8 GB/1 TB HDD/128 GB SSD/Windows 10 Home/3 GB Graphics/NVIDIA G...,AMD Ryzen 5 Quad Core Processor,8 GB DDR4 RAM,64 bit Windows 10 Operating System,1 TB HDD|128 GB SSD,39.62 cm (15.6 inch) Display,Laptop,
Lenovo Ideapad 330 Core i3 7th Gen - (4 GB/1 TB HDD/128 GB SSD/Windows 10 Home/2 GB Graphics) 330-15IK...,Intel Core i3 Processor (7th Gen),4 GB DDR4 RAM,64 bit Windows 10 Operating System,1 TB HDD|128 GB SSD,39.62 cm (15.6 inch) Display,Laptop,
Apple MacBook Pro Core i7 7th Gen - (16 GB/512 GB SSD/Mac OS Sierra/2 GB Graphics) MPTT2HN/A,Intel Core i7 Processor (7th Gen),16 GB DDR3 RAM,64 bit Mac OS Operating System,512 GB SSD,39.12 cm (15.4 inch) Display,Laptop,
Dell Inspiron 15 3000 Core i3 7th Gen - (4 GB/1 TB HDD/Windows 10 Home) 3584 Laptop,Intel Core i3 Processor (7th Gen),4 GB DDR4 RAM,64 bit Windows 10 Operating System,1 TB HDD,39.62 cm (15.6 inch) Display,Laptop,
HP 15 Core i5 8th Gen - (8 GB/1 TB HDD/Windows 10 Home/2 GB Graphics) 15-da1074TX Laptop,Intel Core i5 Processor (8th Gen),8 GB DDR4 RAM,64 bit Windows 10 Operating System,1 TB HDD,39.62 cm (15.6 inch) Display,Laptop,
Asus X509UA Pentium Gold 7th Gen - (4 GB/256 GB SSD/Windows 10) X509UA-EJ246T Notebook,Intel Pentium Gold Processor (7th Gen),4 GB DDR4 RAM,64 bit Windows 10 Operating System,256 GB SSD,39.62 cm (15.6 inch) Display,Laptop,
Avita Liber Core i5 8th Gen - (8 GB/256 GB SSD/Windows 10 Home) NS14A2IN206P Thin and Light Laptop,Intel Core i5 Processor (8th Gen),8 GB DDR4 RAM,64 bit Windows 10 Operating System,256 GB SSD,35.56 cm (14 inch) Display,Laptop,
HP 15q Ryzen 3 Dual Core - (4 GB/1 TB HDD/Windows 10 Home) 15q-dy0004au Laptop,AMD Ryzen 3 Dual Core Processor,4 GB DDR4 RAM,64 bit Windows 10 Operating System,1 TB HDD,39.62 cm (15.6 inch) Display,Laptop,
Dell Inspiron 3595 APU Dual Core A6 7th Gen - (4 GB/1 TB HDD/Windows 10) 3595 Laptop,AMD APU Dual Core A6 Processor (7th Gen),4 GB DDR4 RAM,64 bit Windows 10 Operating System,1 TB HDD,39.62 cm (15.6 inch) Display,Laptop,
HP 14s Ryzen 5 Quad Core 3rd Gen - (8 GB/1 TB HDD/256 GB SSD/Windows 10 Home) 14s-dk0093AU Thin and Li...,AMD Ryzen 5 Quad Core Processor (3rd Gen),8 GB DDR4 RAM,64 bit Windows 10 Operating System,1 TB HDD|256 GB SSD,35.56 cm (14 inch) Display,Laptop,
Avita Liber Core i5 8th Gen - (8 GB/256 GB SSD/Windows 10 Home) NS14A2IN214P Thin and Light Laptop,Intel Core i5 Processor (8th Gen),8 GB DDR4 RAM,64 bit Windows 10 Operating System,256 GB SSD,35.56 cm (14 inch) Display,Laptop,
Lenovo Ideapad 720S Core i7 8th Gen - (8 GB/512 GB SSD/Windows 10 Home) 720S-13IKB Thin and Light Lapt...,Intel Core i7 Processor (8th Gen),8 GB DDR4 RAM,64 bit Windows 10 Operating System,512 GB SSD,33.78 cm (13.3 inch) Display,Laptop,
Lenovo IDEAPAD APU Quad Core A6 9th Gen - (4 GB/1 TB HDD/Windows 10) 81n3lenovo ideapad s145-15ast u L...,Intel APU Quad Core A6 Processor (9th Gen),4 GB DDR4 RAM,64 bit Windows 10 Operating System,1 TB HDD,39.62 cm (15.6 inch) Display,Laptop,
Dell Inspiron 5000 Core i7 8th Gen - (8 GB/1 TB HDD/512 GB SSD/Windows 10 Home/4 GB Graphics) 5584 Lap...,Intel Core i7 Processor (8th Gen),8 GB DDR4 RAM,64 bit Windows 10 Operating System,1 TB HDD|512 GB SSD,39.62 cm (15.6 inch) Display,Laptop,
Asus Core i5 8th Gen - (4 GB/1 TB HDD/Windows 10 Home) X540UA-DM2125T Laptop,Intel Core i5 Processor (8th Gen),4 GB DDR4 RAM,64 bit Windows 10 Operating System,1 TB HDD,39.62 cm (15.6 inch) Display,Laptop,
Acer Nitro 5 Ryzen 5 Quad Core - (8 GB/1 TB HDD/Windows 10 Home/4 GB Graphics/NVIDIA Geforce GTX 1650)...,AMD Ryzen 5 Quad Core Processor,8 GB DDR4 RAM,64 bit Windows 10 Operating System,1 TB HDD,39.62 cm (15.6 inch) Display,Laptop,
Asus TUF Series Core i5 8th Gen - (8 GB/1 TB HDD/256 GB SSD/Windows 10 Home/4 GB Graphics/NVIDIA Gefor...,Intel Core i5 Processor (8th Gen),8 GB DDR4 RAM,64 bit Windows 10 Operating System,1 TB HDD|256 GB SSD,39.62 cm (15.6 inch) Display,Laptop,
Apple MacBook Air Core i5 8th Gen - (8 GB/256 GB SSD/Mac OS Mojave) MVFL2HN/A,Intel Core i5 Processor (8th Gen),8 GB DDR3 RAM,Mac OS Operating System,256 GB SSD,33.78 cm (13.3 inch) Display,Laptop,
Avita Liber Core i5 8th Gen - (8 GB/512 GB SSD/Windows 10 Home) NS14A2IN223P Thin and Light Laptop,Intel Core i5 Processor (8th Gen),8 GB DDR4 RAM,64 bit Windows 10 Operating System,512 GB SSD,35.56 cm (14 inch) Display,Laptop,
HP Pavilion 15-EC Ryzen 5 Quad Core - (8 GB/1 TB HDD/128 GB SSD/Windows 10 Home/3 GB Graphics/NVIDIA G...,AMD Ryzen 5 Quad Core Processor,8 GB DDR4 RAM,64 bit Windows 10 Operating System,1 TB HDD|128 GB SSD,39.62 cm (15.6 inch) Display,Laptop,
HP 15q Ryzen 5 Quad Core - (4 GB/1 TB HDD/Windows 10 Home) 15q-dy0008AU Laptop,AMD Ryzen 5 Quad Core Processor,4 GB DDR4 RAM,64 bit Windows 10 Operating System,1 TB HDD,39.62 cm (15.6 inch) Display,Laptop,
Avita Liber Core i5 8th Gen - (8 GB/512 GB SSD/Windows 10 Home) NS14A2IN225P Thin and Light Laptop,Intel Core i5 Processor (8th Gen),8 GB DDR4 RAM,64 bit Windows 10 Operating System,512 GB SSD,35.56 cm (14 inch) Display,Laptop,
Lenovo Legion Y540 Core i5 9th Gen - (8 GB/1 TB SSD/Windows 10/4 GB Graphics/NVIDIA Geforce GTX NVIDIA...,Intel Core i5 Processor (9th Gen),8 GB DDR4 RAM,64 bit Windows 10 Operating System,1 TB SSD,39.62 cm (15.6 inch) Display,Laptop,
Avita Liber Core i5 8th Gen - (8 GB/256 GB SSD/Windows 10 Home) NS14A2IN206P Thin and Light Laptop,Intel Core i5 Processor (8th Gen),8 GB DDR4 RAM,64 bit Windows 10 Operating System,256 GB SSD,35.56 cm (14 inch) Display,Laptop,
HP Pavilion Core i5 10th Gen - (8 GB/1 TB HDD/256 GB SSD/Windows 10/2 GB Graphics) 15-cs3006tx Laptop,Intel Core i5 Processor (10th Gen),8 GB DDR4 RAM,64 bit Windows 10 Operating System,1 TB HDD|256 GB SSD,39.62 cm (15.6 inch) Display,Laptop,
Avita Liber Core i5 8th Gen - (8 GB/256 GB SSD/Windows 10 Home) NS14A2IN214P Thin and Light Laptop,Intel Core i5 Processor (8th Gen),8 GB DDR4 RAM,64 bit Windows 10 Operating System,256 GB SSD,35.56 cm (14 inch) Display,Laptop,
Asus X505ZA Ryzen 5 Quad Core 7th Gen - (4 GB/1 TB HDD/Windows 10 Home) X505ZA-EJ563T Laptop,AMD Ryzen 5 Quad Core Processor (7th Gen),4 GB DDR4 RAM,64 bit Windows 10 Operating System,1 TB HDD,39.62 cm (15.6 inch) Display,Laptop,
Lenovo Ideapad S145 Ryzen 5 Quad Core - (8 GB/512 GB SSD/Windows 10 Home) S145-15API Thin and Light La...,AMD Ryzen 5 Quad Core Processor,8 GB DDR4 RAM,64 bit Windows 10 Operating System,512 GB SSD,39.62 cm (15.6 inch) Display,Laptop,
Lenovo Yoga 520 Core i3 8th Gen - (4 GB/1 TB HDD/Windows 10 Home) 520-14IKB 2 in 1 Laptop,Intel Core i3 Processor (8th Gen),4 GB DDR4 RAM,64 bit Windows 10 Operating System,1 TB HDD,35.56 cm (14 inch) Touchscreen Display,Laptop,
HP Pavilion Ryzen 7 Quad Core - (8 GB/1 TB HDD/128 GB SSD/Windows 10 Home/6 GB Graphics/NVIDIA Geforce...,AMD Ryzen 7 Quad Core Processor,8 GB DDR4 RAM,64 bit Windows 10 Operating System,1 TB HDD|128 GB SSD,39.62 cm (15.6 inch) Display,Laptop,
Dell Inspiron 15 3000 Series Core i5 8th Gen - (8 GB/2 TB HDD/Windows 10 Home/2 GB Graphics) INS 3576 ...,Intel Core i5 Processor (8th Gen),8 GB DDR4 RAM,64 bit Windows 10 Operating System,2 TB HDD,39.62 cm (15.6 inch) Display,Laptop,
Asus ZenBook Core i5 8th Gen - (8 GB/256 GB SSD/Windows 10 Home) UX430UA-GV307T Thin and Light Laptop,Intel Core i5 Processor (8th Gen),8 GB DDR3 RAM,64 bit Windows 10 Operating System,256 GB SSD,35.56 cm (14 inch) Display,Laptop,
Acer Nitro 5 Ryzen 5 Quad Core - (8 GB/1 TB HDD/Windows 10 Home/4 GB Graphics/NVIDIA Geforce GTX 1650)...,AMD Ryzen 5 Quad Core Processor,8 GB DDR4 RAM,64 bit Windows 10 Operating System,1 TB HDD,39.62 cm (15.6 inch) Display,Laptop,
Dell Vostro 3000 Core i3 8th Gen - (4 GB/1 TB HDD/Windows 10 Home) 3480 Laptop,Intel Core i3 Processor (8th Gen),4 GB DDR4 RAM,64 bit Windows 10 Operating System,1 TB HDD,35.56 cm (14 inch) Display,Laptop,
Asus ZenBook 13 Core i5 8th Gen - (8 GB/512 GB SSD/Windows 10 Home) UX331FAL-EG003T Thin and Light Lap...,Intel Core i5 Processor (8th Gen),8 GB DDR4 RAM,64 bit Windows 10 Operating System,512 GB SSD,33.78 cm (13.3 inch) Display,Laptop,
Asus Core i3 8th Gen - (8 GB/1 TB HDD/Windows 10 Home) X540UA-GQ2099T Laptop,Intel Core i3 Processor (8th Gen),8 GB DDR4 RAM,64 bit Windows 10 Operating System,1 TB HDD,39.62 cm (15.6 inch) Display,Laptop,
Lenovo Ideapad S145 Core i3 7th Gen - (4 GB/1 TB HDD/Windows 10 Home) S145-15IKB Thin and Light Laptop,Intel Core i3 Processor (7th Gen),4 GB DDR4 RAM,64 bit Windows 10 Operating System,1 TB HDD,39.62 cm (15.6 inch) Display,Laptop,
Asus VivoBook 14 APU Quad Core A12 - (4 GB/1 TB HDD/Windows 10 Home) X411QA-EK001T Thin and Light Lapt...,AMD APU Quad Core A12 Processor,4 GB DDR4 RAM,64 bit Windows 10 Operating System,1 TB HDD,35.56 cm (14 inch) Display,Laptop,
HP Pavilion 15-EC Ryzen 5 Quad Core - (8 GB/1 TB HDD/128 GB SSD/Windows 10 Home/3 GB Graphics/NVIDIA G...,AMD Ryzen 5 Quad Core Processor,8 GB DDR4 RAM,64 bit Windows 10 Operating System,1 TB HDD|128 GB SSD,39.62 cm (15.6 inch) Display,Laptop,
Asus ROG Strix Core i5 8th Gen - (8 GB/1 TB HDD/256 GB SSD/Windows 10 Home/4 GB Graphics/NVIDIA Geforc...,Intel Core i5 Processor (8th Gen),8 GB DDR4 RAM,64 bit Windows 10 Operating System,1 TB HDD|256 GB SSD,39.62 cm (15.6 inch) Display,Laptop,
Lenovo Ideapad 330 Celeron Dual Core - (4 GB/1 TB HDD/Windows 10 Home) 330-15IKB Laptop,Intel Celeron Dual Core Processor,4 GB DDR4 RAM,64 bit Windows 10 Operating System,1 TB HDD,39.62 cm (15.6 inch) Display,Laptop,
Dell Inspiron 14 3000 Series Core i3 7th Gen - (4 GB/1 TB HDD/Windows 10 Home) 3467 Laptop,Intel Core i3 Processor (7th Gen),4 GB DDR4 RAM,64 bit Windows 10 Operating System,1 TB HDD,35.56 cm (14 inch) Display,Laptop,
Avita Liber Core i5 8th Gen - (8 GB/256 GB SSD/Windows 10 Home) NS14A2IN206P Thin and Light Laptop,Intel Core i5 Processor (8th Gen),8 GB DDR4 RAM,64 bit Windows 10 Operating System,256 GB SSD,35.56 cm (14 inch) Display,Laptop,
HP Pavilion Ryzen 7 Quad Core - (8 GB/1 TB HDD/256 GB SSD/Windows 10 Home/4 GB Graphics/NVIDIA Geforce...,AMD Ryzen 7 Quad Core Processor,8 GB DDR4 RAM,64 bit Windows 10 Operating System,1 TB HDD|256 GB SSD,39.62 cm (15.6 inch) Display,Laptop,
Lenovo Yoga 520 Core i3 8th Gen - (4 GB/1 TB HDD/Windows 10 Home) 520-14IKB 2 in 1 Laptop,Intel Core i3 Processor (8th Gen),4 GB DDR4 RAM,64 bit Windows 10 Operating System,1 TB HDD,35.56 cm (14 inch) Touchscreen Display,Laptop,
Asus VivoBook S Series Core i5 8th Gen - (8 GB/1 TB HDD/256 GB SSD/Windows 10 Home) S430FA-EB026T Thin...,Intel Core i5 Processor (8th Gen),8 GB DDR4 RAM,64 bit Windows 10 Operating System,1 TB HDD|256 GB SSD,35.56 cm (14 inch) Display,Laptop,
Acer Swift 7 Core i5 7th Gen - (8 GB/256 GB SSD/Windows 10 Home) SF713-51 Thin and Light Laptop,Intel Core i5 Processor (7th Gen),8 GB DDR3 RAM,64 bit Windows 10 Operating System,256 GB SSD,33.78 cm (13.3 inch) Display,Laptop,
Asus VivoBook 14 Core i3 7th Gen - (4 GB/1 TB HDD/Windows 10 Home) X412UA-EK319T Thin and Light Laptop,Intel Core i3 Processor (7th Gen),4 GB DDR4 RAM,64 bit Windows 10 Operating System,1 TB HDD,35.56 cm (14 inch) Display,Laptop,
Avita Liber Core i5 8th Gen - (8 GB/256 GB SSD/Windows 10 Home) NS14A2IN214P Thin and Light Laptop,Intel Core i5 Processor (8th Gen),8 GB DDR4 RAM,64 bit Windows 10 Operating System,256 GB SSD,35.56 cm (14 inch) Display,Laptop,
HP 15 Celeron Dual Core - (4 GB/1 TB HDD/Windows 10 Home) 15-di0000TU Laptop,Intel Celeron Dual Core Processor,4 GB DDR4 RAM,64 bit Windows 10 Operating System,1 TB HDD,39.62 cm (15.6 inch) Display,Laptop,
Asus VivoBook 14 Ryzen 5 Quad Core - (4 GB/1 TB HDD/Windows 10 Home) X412DA-EK141T Thin and Light Lapt...,AMD Ryzen 5 Quad Core Processor,4 GB DDR4 RAM,64 bit Windows 10 Operating System,1 TB HDD,35.56 cm (14 inch) Display,Laptop,
HP Pavilion Ryzen 7 Quad Core - (8 GB/1 TB HDD/128 GB SSD/Windows 10 Home/6 GB Graphics/NVIDIA Geforce...,AMD Ryzen 7 Quad Core Processor,8 GB DDR4 RAM,64 bit Windows 10 Operating System,1 TB HDD|128 GB SSD,39.62 cm (15.6 inch) Display,Laptop,
Lenovo Ideapad S340 Core i5 10th Gen - (8 GB/1 TB HDD/256 GB SSD/Windows 10 Home) S340-14IIL Thin and ...,Intel Core i5 Processor (10th Gen),8 GB DDR4 RAM,64 bit Windows 10 Operating System,1 TB HDD|256 GB SSD,35.56 cm (14 inch) Display,Laptop,
Lenovo Ideapad 330 Core i5 8th Gen - (8 GB/1 TB HDD/Windows 10 Home/4 GB Graphics/NVIDIA Geforce GTX 1...,Intel Core i5 Processor (8th Gen),8 GB DDR4 RAM,64 bit Windows 10 Operating System,1 TB HDD,39.62 cm (15.6 inch) Display,Laptop,
MSI P Core i5 10th Gen - (8 GB/512 GB SSD/Windows 10 Home/2 GB Graphics) Prestige 14 A10RB-032IN Thin ...,Intel Core i5 Processor (10th Gen),8 GB DDR4 RAM,64 bit Windows 10 Operating System,512 GB SSD,35.56 cm (14 inch) Display,Laptop,
Lenovo IP-130 APU Quad Core A4 7th Gen - (4 GB/1 TB HDD/DOS) 81H5003UIN Laptop,AMD APU Quad Core A4 Processor (7th Gen),4 GB DDR4 RAM,DOS Operating System,1 TB HDD,39.62 cm (15.6 inch) Display,Laptop,
Acer Nitro 5 Ryzen 5 Quad Core - (8 GB/1 TB HDD/Windows 10 Home/4 GB Graphics/NVIDIA Geforce GTX 1650)...,AMD Ryzen 5 Quad Core Processor,8 GB DDR4 RAM,64 bit Windows 10 Operating System,1 TB HDD,39.62 cm (15.6 inch) Display,Laptop,
HP Pavilion Ryzen 5 Quad Core - (8 GB/1 TB HDD/256 GB SSD/Windows 10 Home/4 GB Graphics/NVIDIA Geforce...,AMD Ryzen 5 Quad Core Processor,8 GB DDR4 RAM,64 bit Windows 10 Operating System,1 TB HDD|256 GB SSD,39.62 cm (15.6 inch) Display,Laptop,
Lenovo Ideapad 320 APU Dual Core A6 - (4 GB/1 TB HDD/DOS) IP 320-15AST Laptop,AMD APU Dual Core A6 Processor,4 GB DDR4 RAM,DOS Operating System,1 TB HDD,39.62 cm (15.6 inch) Display,Laptop,
Asus ROG Strix Core i7 8th Gen - (16 GB/1 TB HDD/256 GB SSD/Windows 10 Home/4 GB Graphics/NVIDIA Gefor...,Intel Core i7 Processor (8th Gen),16 GB DDR4 RAM,64 bit Windows 10 Operating System,1 TB HDD|256 GB SSD,39.62 cm (15.6 inch) Display,Laptop,
HP Pavilion 15-EC Ryzen 5 Quad Core - (8 GB/1 TB HDD/128 GB SSD/Windows 10 Home/3 GB Graphics/NVIDIA G...,AMD Ryzen 5 Quad Core Processor,8 GB DDR4 RAM,64 bit Windows 10 Operating System,1 TB HDD|128 GB SSD,39.62 cm (15.6 inch) Display,Laptop,
Dell G3 15 3000 Series Core i5 8th Gen - (8 GB + 16 GB Optane/1 TB HDD/Windows 10 Home/4 GB Graphics/N...,Intel Core i5 Processor (8th Gen),8 GB DDR4 RAM,64 bit Windows 10 Operating System,1 TB HDD,39.62 cm (15.6 inch) Display,Laptop,
HP 14s Core i5 8th Gen - (8 GB/1 TB HDD/256 GB SSD/Windows 10 Home) 14s-cr1005TU Thin and Light Laptop,Intel Core i5 Processor (8th Gen),8 GB DDR4 RAM,64 bit Windows 10 Operating System,1 TB HDD|256 GB SSD,35.56 cm (14 inch) Display,Laptop,
HP 15 Pentium Gold - (4 GB/1 TB HDD/Windows 10 Home) 15-da0389TU Laptop,Intel Pentium Gold Processor,4 GB DDR4 RAM,64 bit Windows 10 Operating System,1 TB HDD,39.62 cm (15.6 inch) Display,Laptop,
HP G6 APU Dual Core A9 - (4 GB/1 TB HDD/DOS) 245-G6 Laptop,AMD APU Dual Core A9 Processor,4 GB DDR4 RAM,DOS Operating System,1 TB HDD,35.56 cm (14 inch) Display,Laptop,
Apple MacBook Air Core i5 8th Gen - (8 GB/128 GB SSD/Mac OS Mojave) MREA2HN/A,Intel Core i5 Processor (8th Gen),8 GB DDR3 RAM,Mac OS Operating System,128 GB SSD,33.78 cm (13.3 inch) Display,Laptop,
Avita Liber Core i5 8th Gen - (8 GB/256 GB SSD/Windows 10 Home) NS14A2IN206P Thin and Light Laptop,Intel Core i5 Processor (8th Gen),8 GB DDR4 RAM,64 bit Windows 10 Operating System,256 GB SSD,35.56 cm (14 inch) Display,Laptop,
HP Pavilion 15 Core i5 8th Gen - (8 GB/1 TB HDD/Windows 10 Home/4 GB Graphics/NVIDIA Geforce GTX 1050)...,Intel Core i5 Processor (8th Gen),8 GB DDR4 RAM,64 bit Windows 10 Operating System,1 TB HDD,39.62 cm (15.6 inch) Display,Laptop,
Lenovo Ideapad V130 Core i3 8th Gen - (4 GB/1 TB HDD/DOS) 81HNA03JIH Notebook,Intel Core i3 Processor (8th Gen),4 GB DDR4 RAM,DOS Operating System,1 TB HDD,39.62 cm (15.6 inch) Display,Laptop,
Avita Liber Core i5 8th Gen - (8 GB/256 GB SSD/Windows 10 Home) NS14A2IN214P Thin and Light Laptop,Intel Core i5 Processor (8th Gen),8 GB DDR4 RAM,64 bit Windows 10 Operating System,256 GB SSD,35.56 cm (14 inch) Display,Laptop,
Avita Liber Core i5 7th Gen - (8 GB/256 GB SSD/Windows 10 Home) NS14A1IN007P Thin and Light Laptop,Intel Core i5 Processor (7th Gen),8 GB DDR3 RAM,64 bit Windows 10 Operating System,256 GB SSD,35.56 cm (14 inch) Display,Laptop,
HP Pavilion 15 Core i5 8th Gen - (8 GB/1 TB HDD/256 GB SSD/Windows 10 Home/2 GB Graphics) 15-cs2082tx ...,Intel Core i5 Processor (8th Gen),8 GB DDR4 RAM,64 bit Windows 10 Operating System,1 TB HDD|256 GB SSD,39.62 cm (15.6 inch) Display,Laptop,
Dell Inspiron 14 3000 Core i3 7th Gen - (4 GB/1 TB HDD/Linux) inspiron 3467 Laptop,Intel Core i3 Processor (7th Gen),4 GB DDR4 RAM,Linux/Ubuntu Operating System,1 TB HDD,35.56 cm (14 inch) Display,Laptop,
Lenovo Ideapad 330s Core i3 7th Gen - (4 GB/1 TB HDD/Windows 10 Home) 330S-14IKB Thin and Light Laptop,Intel Core i3 Processor (7th Gen),4 GB DDR4 RAM,64 bit Windows 10 Operating System,1 TB HDD,35.56 cm (14 inch) Display,Laptop,
HP Pavilion Ryzen 7 Quad Core - (8 GB/1 TB HDD/128 GB SSD/Windows 10 Home/6 GB Graphics/NVIDIA Geforce...,AMD Ryzen 7 Quad Core Processor,8 GB DDR4 RAM,64 bit Windows 10 Operating System,1 TB HDD|128 GB SSD,39.62 cm (15.6 inch) Display,Laptop,
Dell Inspiron 3000 Core i7 9th Gen - (8 GB/1 TB HDD/512 GB SSD/Windows 10 Home/4 GB Graphics/NVIDIA Ge...,Intel Core i7 Processor (9th Gen),8 GB DDR4 RAM,64 bit Windows 10 Operating System,1 TB HDD|512 GB SSD,39.62 cm (15.6 inch) Display,Laptop,
HP Pavilion x360 Core i5 8th Gen - (8 GB/1 TB HDD/8 GB SSD/Windows 10 Home/2 GB Graphics) 14-cd0051TX ...,Intel Core i5 Processor (8th Gen),8 GB DDR4 RAM,64 bit Windows 10 Operating System,1 TB HDD|8 GB SSD,35.56 cm (14 inch) Touchscreen Display,Laptop,
Acer Nitro 5 Ryzen 5 Quad Core - (8 GB/1 TB HDD/Windows 10 Home/4 GB Graphics/NVIDIA Geforce GTX 1650)...,AMD Ryzen 5 Quad Core Processor,8 GB DDR4 RAM,64 bit Windows 10 Operating System,1 TB HDD,39.62 cm (15.6 inch) Display,Laptop,
Dell G3 Series Core i7 8th Gen - (8 GB/1 TB HDD/128 GB SSD/Windows 10 Home/4 GB Graphics/NVIDIA Geforc...,Intel Core i7 Processor (8th Gen),8 GB DDR4 RAM,64 bit Windows 10 Operating System,1 TB HDD|128 GB SSD,39.62 cm (15.6 inch) Display,Laptop,
Lenovo Ideapad 520 Core i5 8th Gen - (8 GB/2 TB HDD/Windows 10 Home/2 GB Graphics) 520-15IKB Laptop,Intel Core i5 Processor (8th Gen),8 GB DDR4 RAM,64 bit Windows 10 Operating System,2 TB HDD,39.62 cm (15.6 inch) Display,Laptop,
Lenovo Ideapad 330 Core i3 7th Gen - (4 GB/1 TB HDD/Windows 10 Home) 330-14IKB Laptop,Intel Core i3 Processor (7th Gen),4 GB DDR4 RAM,64 bit Windows 10 Operating System,1 TB HDD,35.56 cm (14 inch) Display,Laptop,
Acer Aspire 3 APU Dual Core A4 7th Gen - (4 GB/1 TB HDD/Windows 10 Home) A315-21 Laptop,AMD APU Dual Core A4 Processor (7th Gen),4 GB DDR4 RAM,64 bit Windows 10 Operating System,1 TB HDD,39.62 cm (15.6 inch) Display,Laptop,
Lenovo Ideapad 330 Core i3 7th Gen - (4 GB/1 TB HDD/Windows 10 Home) 330-15IKB Laptop,Intel Core i3 Processor (7th Gen),4 GB DDR4 RAM,64 bit Windows 10 Operating System,1 TB HDD,39.62 cm (15.6 inch) Display,Laptop,
HP Pavilion 15-EC Ryzen 5 Quad Core - (8 GB/1 TB HDD/128 GB SSD/Windows 10 Home/3 GB Graphics/NVIDIA G...,AMD Ryzen 5 Quad Core Processor,8 GB DDR4 RAM,64 bit Windows 10 Operating System,1 TB HDD|128 GB SSD,39.62 cm (15.6 inch) Display,Laptop,
Asus Ryzen 5 Quad Core - (8 GB/1 TB HDD/Windows 10 Home/4 GB Graphics/NVIDIA Geforce GTX 1050) F570ZD-...,AMD Ryzen 5 Quad Core Processor,8 GB DDR4 RAM,64 bit Windows 10 Operating System,1 TB HDD,39.62 cm (15.6 inch) Display,Laptop,
Lenovo Ideapad 330E Core i5 8th Gen - (8 GB/1 TB HDD/DOS/4 GB Graphics) 330-15IKB Laptop,Intel Core i5 Processor (8th Gen),8 GB DDR4 RAM,DOS Operating System,1 TB HDD,39.62 cm (15.6 inch) Display,Laptop,
HP ProBook Core i5 8th Gen - (8 GB/1 TB HDD/Windows 10 Pro) 440 G6 Laptop,Intel Core i5 Processor (8th Gen),8 GB DDR4 RAM,64 bit Windows 10 Operating System,1 TB HDD,35.56 cm (14 inch) Display,Laptop,
Avita Liber Core i5 8th Gen - (8 GB/256 GB SSD/Windows 10 Home) NS14A2IN206P Thin and Light Laptop,Intel Core i5 Processor (8th Gen),8 GB DDR4 RAM,64 bit Windows 10 Operating System,256 GB SSD,35.56 cm (14 inch) Display,Laptop,
HP 250 G7 Core i5 8th Gen - (8 GB/1 TB HDD/DOS/2 GB Graphics) 250 G7 Notebook,AMD Core i5 Processor (8th Gen),8 GB DDR4 RAM,DOS Operating System,1 TB HDD,39.62 cm (15.6 inch) Display,Laptop,
HP DA Core i5 8th Gen - (4 GB/1 TB HDD/256 GB SSD/Windows 10 Home) 15-DA1058TU Laptop,Intel Core i5 Processor (8th Gen),4 GB DDR4 RAM,64 bit Windows 10 Operating System,1 TB HDD|256 GB SSD,39.62 cm (15.6 inch) Display,Laptop,
Asus VIVOBOOK Core i3 7th Gen - (4 GB/1 TB HDD/DOS) X441UA-GA508 Laptop,Intel Core i3 Processor (7th Gen),4 GB DDR4 RAM,64 bit DOS Operating System,1 TB HDD,35.56 cm (14 inch) Display,Laptop,
Asus X Series Core i3 7th Gen - (4 GB/1 TB HDD/Windows 10 Home) X510UA-EJ796T Laptop,Intel Core i3 Processor (7th Gen),4 GB DDR4 RAM,64 bit Windows 10 Operating System,1 TB HDD,39.62 cm (15.6 inch) Display,Laptop,
Avita Liber Core i5 8th Gen - (8 GB/256 GB SSD/Windows 10 Home) NS14A2IN214P Thin and Light Laptop,Intel Core i5 Processor (8th Gen),8 GB DDR4 RAM,64 bit Windows 10 Operating System,256 GB SSD,35.56 cm (14 inch) Display,Laptop,
HP 15 Core i3 7th Gen - (4 GB/1 TB HDD/DOS) 15-da0296tu Laptop,Intel Core i3 Processor (7th Gen),4 GB DDR4 RAM,DOS Operating System,1 TB HDD,39.62 cm (15.6 inch) Display,Laptop,
Asus F570ZD Ryzen 5 Quad Core - (8 GB/1 TB HDD/Windows 10 Home/4 GB Graphics) F570ZD-DM226TF570ZD Lapt...,AMD Ryzen 5 Quad Core Processor,8 GB DDR4 RAM,64 bit Windows 10 Operating System,1 TB HDD,39.62 cm (15.6 inch) Display,Laptop,
HP Pavilion Ryzen 7 Quad Core - (8 GB/1 TB HDD/128 GB SSD/Windows 10 Home/6 GB Graphics/NVIDIA Geforce...,AMD Ryzen 7 Quad Core Processor,8 GB DDR4 RAM,64 bit Windows 10 Operating System,1 TB HDD|128 GB SSD,39.62 cm (15.6 inch) Display,Laptop,
HP 15 Ryzen 5 Dual Core - (4 GB/1 TB HDD/Windows 10 Home) 15-db1061AU Laptop,AMD Ryzen 5 Dual Core Processor,4 GB DDR4 RAM,64 bit Windows 10 Operating System,1 TB HDD,39.62 cm (15.6 inch) Display,Laptop,
Asus ZenBook Flip 3 Core i5 8th Gen - (8 GB/512 GB SSD/Windows 10 Home) UX362FA-EL501T 2 in 1 Laptop,Intel Core i5 Processor (8th Gen),8 GB DDR4 RAM,64 bit Windows 10 Operating System,512 GB SSD,33.78 cm (13.3 inch) Touchscreen Display,Laptop,
Dell Inspiron 15 5000 Core i7 8th Gen - (8 GB/2 TB HDD/128 GB SSD/Windows 10 Home/4 GB Graphics) 5570 ...,Intel Core i7 Processor (8th Gen),8 GB DDR4 RAM,64 bit Windows 10 Operating System,2 TB HDD|128 GB SSD,39.62 cm (15.6 inch) Display,Laptop,
Dell XPS 13 Core i5 8th Gen - (8 GB/256 GB SSD/Windows 10 Home) 9370 Thin and Light Laptop,Intel Core i5 Processor (8th Gen),8 GB DDR3 RAM,64 bit Windows 10 Operating System,256 GB SSD,33.02 cm (13 inch) Display,Laptop,
Acer Nitro 5 Ryzen 5 Quad Core - (8 GB/1 TB HDD/Windows 10 Home/4 GB Graphics/NVIDIA Geforce GTX 1650)...,AMD Ryzen 5 Quad Core Processor,8 GB DDR4 RAM,64 bit Windows 10 Operating System,1 TB HDD,39.62 cm (15.6 inch) Display,Laptop,
Asus Core i3 7th Gen - (4 GB/1 TB HDD/Windows 10 Home) X509UA-EJ341T Laptop,Intel Core i3 Processor (7th Gen),4 GB DDR4 RAM,64 bit Windows 10 Operating System,1 TB HDD,39.62 cm (15.6 inch) Display,Laptop,
Lenovo Ideapad C340 Ryzen 3 Dual Core - (4 GB/256 GB SSD/Windows 10 Home) C340-14API 2 in 1 Laptop,AMD Ryzen 3 Dual Core Processor,4 GB DDR4 RAM,64 bit Windows 10 Operating System,256 GB SSD,35.56 cm (14 inch) Touchscreen Display,Laptop,
Microsoft Surface Pro 6 Core i5 8th Gen - (8 GB/128 GB SSD/Windows 10 Home) 1796 2 in 1 Laptop,Intel Core i5 Processor (8th Gen),8 GB DDR3 RAM,64 bit Windows 10 Operating System,128 GB SSD,31.24 cm (12.3 inch) Touchscreen Display,Laptop,
HP Pavilion 15-EC Ryzen 5 Quad Core - (8 GB/1 TB HDD/128 GB SSD/Windows 10 Home/3 GB Graphics/NVIDIA G...,AMD Ryzen 5 Quad Core Processor,8 GB DDR4 RAM,64 bit Windows 10 Operating System,1 TB HDD|128 GB SSD,39.62 cm (15.6 inch) Display,Laptop,
Lenovo Ideapad 330s Core i3 8th Gen - (4 GB/1 TB HDD/Windows 10 Home) 81F401FVIN Laptop,Intel Core i3 Processor (8th Gen),4 GB DDR4 RAM,64 bit Windows 10 Operating System,1 TB HDD,35.56 cm (14 inch) Display,Laptop,
Lenovo Ideapad 530s Core i5 8th Gen - (8 GB/512 GB SSD/Windows 10 Home/2 GB Graphics) 530S-15IKB Lapto...,Intel Core i5 Processor (8th Gen),8 GB DDR4 RAM,64 bit Windows 10 Operating System,512 GB SSD,39.62 cm (15.6 inch) Display,Laptop,
Asus VivoBook 15 Ryzen 3 Dual Core - (4 GB/1 TB HDD/Windows 10 Home) X505ZA-EJ493TX505ZA Laptop,AMD Ryzen 3 Dual Core Processor,4 GB DDR4 RAM,64 bit Windows 10 Operating System,1 TB HDD,39.62 cm (15.6 inch) Display,Laptop,
AGB Orion Core i7 7th Gen - (16 GB/1 TB HDD/1 TB SSD/Windows 10/2 GB Graphics/Intel Integrated HD620) ...,Intel Core i7 Processor (7th Gen),16 GB DDR4 RAM,64 bit Windows 10 Operating System,1 TB HDD|1 TB SSD,35.56 cm (14 inch) Display,Laptop,
HP 15 Core i3 7th Gen - (4 GB/1 TB HDD/Windows 10 Home) 15-da0352tu Laptop,Intel Core i3 Processor (7th Gen),4 GB DDR4 RAM,64 bit Windows 10 Operating System,1 TB HDD,39.62 cm (15.6 inch) Display,Laptop,
Avita Liber Core i5 8th Gen - (8 GB/256 GB SSD/Windows 10 Home) NS14A2IN206P Thin and Light Laptop,Intel Core i5 Processor (8th Gen),8 GB DDR4 RAM,64 bit Windows 10 Operating System,256 GB SSD,35.56 cm (14 inch) Display,Laptop,
HP 250 G7 Core i5 8th Gen - (8 GB/1 TB HDD/Windows 10 Home) 250 G7 Laptop,Intel Core i5 Processor (8th Gen),8 GB DDR4 RAM,64 bit Windows 10 Operating System,1 TB HDD,39.62 cm (15.6 inch) Display,Laptop,
Lenovo Ideapad 330 Core i7 8th Gen - (8 GB/1 TB HDD/Windows 10 Home/4 GB Graphics) 330-15IKB Laptop,Intel Core i7 Processor (8th Gen),8 GB DDR4 RAM,64 bit Windows 10 Operating System,1 TB HDD,39.62 cm (15.6 inch) Display,Laptop,
Avita Liber Core i5 8th Gen - (8 GB/256 GB SSD/Windows 10 Home) NS14A2IN214P Thin and Light Laptop,Intel Core i5 Processor (8th Gen),8 GB DDR4 RAM,64 bit Windows 10 Operating System,256 GB SSD,35.56 cm (14 inch) Display,Laptop,
Lenovo Ideapad 330 Core i3 7th Gen - (4 GB/1 TB HDD/DOS) 330-15IKB Laptop,Intel Core i3 Processor (7th Gen),4 GB DDR4 RAM,DOS Operating System,1 TB HDD,39.62 cm (15.6 inch) Display,Laptop,
Asus X510UA Core i3 8th Gen - (4 GB/1 TB HDD/Windows 10 Home) X510UA-EJ1070T Laptop,Intel Core i3 Processor (8th Gen),4 GB DDR4 RAM,64 bit Windows 10 Operating System,1 TB HDD,39.62 cm (15.6 inch) Display,Laptop,
Acer Nitro 5 Ryzen 5 Quad Core - (8 GB/1 TB HDD/Windows 10 Home/4 GB Graphics/NVIDIA Geforce GTX 1650)...,AMD Ryzen 5 Quad Core Processor,8 GB DDR4 RAM,64 bit Windows 10 Operating System,1 TB HDD,39.62 cm (15.6 inch) Display,Laptop,
Lenovo Ideapad 530s Core i5 8th Gen - (8 GB/512 GB SSD/Windows 10 Home/2 GB Graphics) 530S-15IKB Thin ...,Intel Core i5 Processor (8th Gen),8 GB DDR4 RAM,64 bit Windows 10 Operating System,512 GB SSD,39.62 cm (15.6 inch) Display,Laptop,
Dell Inspiron 13 7000 Series Core i5 8th Gen - (8 GB/256 GB SSD/Windows 10 Home) insp 7386 2 in 1 Lapt...,Intel Core i5 Processor (8th Gen),8 GB DDR4 RAM,64 bit Windows 10 Operating System,256 GB SSD,33.78 cm (13.3 inch) Touchscreen Display,Laptop,
Asus Vivobook 15 Ryzen 5 Quad Core - (8 GB/512 GB SSD/Windows 10 Home) X512DA-EJ503T Thin and Light La...,Intel Ryzen 5 Quad Core Processor,8 GB DDR4 RAM,64 bit Windows 10 Operating System,512 GB SSD,39.62 cm (15.6 inch) Display,Laptop,
HP Pavilion 15-EC Ryzen 5 Quad Core - (8 GB/1 TB HDD/128 GB SSD/Windows 10 Home/3 GB Graphics/NVIDIA G...,AMD Ryzen 5 Quad Core Processor,8 GB DDR4 RAM,64 bit Windows 10 Operating System,1 TB HDD|128 GB SSD,39.62 cm (15.6 inch) Display,Laptop,
Microsoft Surface Book 2 Core i5 7th Gen - (8 GB/256 GB SSD/Windows 10 Pro) 1832 2 in 1 Laptop,Intel Core i5 Processor (7th Gen),8 GB DDR3 RAM,64 bit Windows 10 Operating System,256 GB SSD,34.29 cm (13.5 inch) Touchscreen Display,Laptop,
HP Pavilion 15 Core i7 8th Gen - (8 GB/1 TB HDD/128 GB SSD/Windows 10 Home/4 GB Graphics/NVIDIA Geforc...,Intel Core i7 Processor (8th Gen),8 GB DDR4 RAM,64 bit Windows 10 Operating System,1 TB HDD|128 GB SSD,39.62 cm (15.6 inch) Display,Laptop,
Microsoft Surface Core i5 7th Gen - (8 GB/256 GB SSD/Windows 10 S) 1769 Thin and Light Laptop,Intel Core i5 Processor (7th Gen),8 GB DDR3 RAM,64 bit Windows 10 Operating System,256 GB SSD,34.29 cm (13.5 inch) Touchscreen Display,Laptop,
HP Pavilion 15 Core i5 8th Gen - (8 GB/1 TB HDD/8 GB SSD/Windows 10 Home/2 GB Graphics) 15-CC129TX Lap...,Intel Core i5 Processor (8th Gen),8 GB DDR4 RAM,64 bit Windows 10 Operating System,1 TB HDD|8 GB SSD,39.62 cm (15.6 inch) Display,Laptop,
Avita Liber Core i5 8th Gen - (8 GB/256 GB SSD/Windows 10 Home) NS14A2IN206P Thin and Light Laptop,Intel Core i5 Processor (8th Gen),8 GB DDR4 RAM,64 bit Windows 10 Operating System,256 GB SSD,35.56 cm (14 inch) Display,Laptop,
HP Pavilion 14-ce Core i5 10th Gen - (8 GB/1 TB HDD/256 GB SSD/Windows 10 Home/2 GB Graphics) 14-ce302...,Intel Core i5 Processor (10th Gen),8 GB DDR4 RAM,64 bit Windows 10 Operating System,1 TB HDD|256 GB SSD,35.56 cm (14 inch) Display,Laptop,
Lenovo 20LS0002US Core i5 7th Gen - (8 GB/256 GB HDD/8 GB SSD/Windows 10) Thinkpad L480 Laptop,AMD Core i5 Processor (7th Gen),8 GB DDR RAM,Windows 10 Operating System,256 GB HDD|8 GB SSD,35.56 cm (14 inch) Display,Laptop,
Lenovo Yoga C930 Core i7 8th Gen - (16 GB/512 GB SSD/Windows 10 Home) 81C4000EUS 2 in 1 Laptop,Intel Core i7 Processor (8th Gen),16 GB DDR4 RAM,64 bit Windows 10 Operating System,512 GB SSD,35.31 cm (13.9 inch) Touchscreen Display,Laptop,
Avita Liber Core i5 8th Gen - (8 GB/256 GB SSD/Windows 10 Home) NS14A2IN214P Thin and Light Laptop,Intel Core i5 Processor (8th Gen),8 GB DDR4 RAM,64 bit Windows 10 Operating System,256 GB SSD,35.56 cm (14 inch) Display,Laptop,
Asus Core i7 8th Gen - (8 GB/512 GB SSD/Windows 10 Home/2 GB Graphics) X509FJ-EJ701T Laptop,Intel Core i7 Processor (8th Gen),8 GB DDR4 RAM,64 bit Windows 10 Operating System,512 GB SSD,39.62 cm (15.6 inch) Display,Laptop,
Dell XPS 13 Core i5 7th Gen - (8 GB/256 GB SSD/Windows 10 Home) 9360 Thin and Light Laptop,Intel Core i5 Processor (7th Gen),8 GB DDR3 RAM,64 bit Windows 10 Operating System,256 GB SSD,33.78 cm (13.3 inch) Display,Laptop,
Lenovo Z50 Notebook (4th Gen Ci5/ 4GB/ 1TB/ Free DOS) (59-442264),Intel Core i5 Processor (4th Gen),4 GB DDR3 RAM,DOS Operating System,1 TB HDD,39.62 cm (15.6 inch) Display,Laptop,
HP Pavilion Ryzen 7 Quad Core - (8 GB/1 TB HDD/128 GB SSD/Windows 10 Home/6 GB Graphics/NVIDIA Geforce...,AMD Ryzen 7 Quad Core Processor,8 GB DDR4 RAM,64 bit Windows 10 Operating System,1 TB HDD|128 GB SSD,39.62 cm (15.6 inch) Display,Laptop,
Asus ZenBook 13 Core i5 8th Gen - (8 GB/512 GB SSD/Windows 10 Home) UX333FA-A4117T Thin and Light Lapt...,Intel Core i5 Processor (8th Gen),8 GB DDR3 RAM,64 bit Windows 10 Operating System,512 GB SSD,33.78 cm (13.3 inch) Display,Laptop,
Lenovo Ideapad 500 Core i5 6th Gen - (4 GB/1 TB HDD/Windows 10 Home/2 GB Graphics/NVIDIA Geforce Nvidi...,Intel Core i5 Processor (6th Gen),4 GB DDR3 RAM,64 bit Windows 10 Operating System,1 TB HDD,35.56 cm (14 inch) Display,Laptop,
Lenovo V145 APU Dual Core A6 7th Gen - (4 GB/1 TB HDD/DOS) V145-15AST U Thin and Light Laptop,AMD APU Dual Core A6 Processor (7th Gen),4 GB DDR4 RAM,DOS Operating System,1 TB HDD,39.62 cm (15.6 inch) Display,Laptop,
Lenovo Ideapad 520 Core i7 8th Gen - (8 GB/2 TB HDD/Windows 10 Home/4 GB Graphics) 520-15IKB Laptop,Intel Core i7 Processor (8th Gen),8 GB DDR4 RAM,64 bit Windows 10 Operating System,2 TB HDD,39.62 cm (15.6 inch) Display,Laptop,
Lenovo Ideapad L340 Core i5 9th Gen - (8 GB/1 TB HDD/Windows 10 Home/4 GB Graphics/NVIDIA Geforce GTX ...,Intel Core i5 Processor (9th Gen),8 GB DDR4 RAM,64 bit Windows 10 Operating System,1 TB HDD,39.62 cm (15.6 inch) Display,Laptop,
Lenovo Ideapad 330 Core i3 8th Gen - (4 GB/1 TB HDD/Windows 10 Home/512 MB Graphics) Ideapad 330 Lapto...,Intel Core i3 Processor (8th Gen),4 GB DDR4 RAM,64 bit Windows 10 Operating System,1 TB HDD,39.62 cm (15.6 inch) Display,Laptop,
Lenovo Ideapad 330 APU Dual Core E2 - (4 GB/500 GB HDD/Windows 10 Home) 330-15AST Laptop,AMD APU Dual Core E2 Processor,4 GB DDR4 RAM,64 bit Windows 10 Operating System,500 GB HDD,39.62 cm (15.6 inch) Display,Laptop,
HP 122TU Core i7 7th Gen - (8 GB/1 TB HDD/256 GB SSD/Windows 10 Pro) Spectre x360 Business Laptop,Intel Core i7 Processor (7th Gen),8 GB DDR4 RAM,64 bit Windows 10 Operating System,1 TB HDD|256 GB SSD,33.78 cm (13.3 inch) Display,Laptop,
Dell 3000 Core i5 7th Gen - (8 GB/1 TB HDD/Windows 10/2 GB Graphics) 3567 Laptop,Intel Core i5 Processor (7th Gen),8 GB DDR4 RAM,64 bit Windows 10 Operating System,1 TB HDD,39.62 cm (15.6 inch) Display,Laptop,
Asus Vivobook Core i3 7th Gen - (8 GB/1 TB HDD/Windows 10) X507UA-EJ274T Laptop,Intel Core i3 Processor (7th Gen),8 GB DDR4 RAM,64 bit Windows 10 Operating System,1 TB HDD,39.62 cm (15.6 inch) Display,Laptop,
Dell Inspiron Core i7 6th Gen - (16 GB/2 TB HDD/Windows 10 Home/4 GB Graphics) 5559 Laptop,Intel Core i7 Processor (6th Gen),16 GB DDR3 RAM,64 bit Windows 10 Operating System,2 TB HDD,39.62 cm (15.6 inch) Display,Laptop,
Lenovo Core i5 8th Gen - (8 GB/1 TB HDD/DOS) L340-15IWL Laptop,Intel Core i5 Processor (8th Gen),8 GB DDR4 RAM,DOS Operating System,1 TB HDD,39.62 cm (15.6 inch) Display,Laptop,
Dell Vostro 15 Core i3 7th Gen - (4 GB/1 TB HDD/Windows 10 Home) 3568 Laptop,Intel Core i3 Processor (7th Gen),4 GB DDR4 RAM,64 bit Windows 10 Operating System,1 TB HDD,39.62 cm (15.6 inch) Display,Laptop,
HP Pavilion Core i5 8th Gen - (8 GB/1 TB HDD/Windows 10 Home/4 GB Graphics/NVIDIA Geforce GTX 1050) 15...,Intel Core i5 Processor (8th Gen),8 GB DDR4 RAM,64 bit Windows 10 Operating System,1 TB HDD,39.62 cm (15.6 inch) Display,Laptop,
Dell Inspiron 15 3000 Core i3 7th Gen - (4 GB/1 TB HDD/Windows 10) 3567 Laptop,Intel Core i3 Processor (7th Gen),4 GB DDR4 RAM,64 bit Windows 10 Operating System,1 TB HDD,39.62 cm (15.6 inch) Display,Laptop,
Lenovo Ideapad S540 Core i5 8th Gen - (8 GB/1 TB SSD/Windows 10 Home/2 GB Graphics) S540-14IWL Thin an...,Intel Core i5 Processor (8th Gen),8 GB DDR4 RAM,64 bit Windows 10 Operating System,1 TB SSD,35.56 cm (14 inch) Display,Laptop,
Dell Inspiron 5558 (Notebook) (Core i5 5th Gen/ 4GB/ 1TB/ Win8.1/ 2GB Graph) (X560560IN9),Intel Core i5 Processor (5th Gen),4 GB DDR3 RAM,64 bit Windows 8.1 Operating System,1 TB HDD,39.62 cm (15.6 inch) Touchscreen Display,Laptop,
