Lenovo 27 inch Full HD Monitor (D27-20),Display Type: LED,68.58 cm (27 inch) Full HD Display,Response Time: 4 ms | VGA,HDMI,Monitor
HP 23.8 inch Full HD LED Backlit IPS Panel Monitor (24m),Display Type: LED,60.45 cm (23.8 inch) Full HD Display,Response Time: 5 ms | VGA,HDMI Ports - 1,Monitor
HP 21.5 inch Full HD LED Backlit IPS Panel Monitor (22es),Display Type: LED Backlit,54.61 cm (21.5 inch) Full HD Display,Response Time: 14 ms | VGA,HDMI Ports - 1,Monitor
Samsung 21.5 inch Full HD LED Backlit Monitor (sf350 ls22f350fhwxxl),Display Type: backlit led,54.61 cm (21.5 inch) Full HD Display,Response Time: 4 ms | VGA,HDMI,Monitor
LG 18.5 inch HD LED Backlit Monitor (19M38HB -BB.BTRFMVL),Display Type: LED Backlit,46.99 cm (18.5 inch) HD Display,Response Time: 5 ms | VGA,HDMI Ports - 1,Monitor
Dell 22 inch Full HD Monitor (E2218HN),Display Type: LED Backlit,55.88 cm (22 inch) Full HD Display,Response Time: 5 ms | VGA,HDMI,Monitor
LG 22 inch Full HD LED Backlit IPS Panel Monitor (22MP68VQ),Display Type: LED Backlit,55.88 cm (22 inch) Full HD Display,Response Time: 5 ms | VGA,HDMI,Monitor
MarQ by Flipkart 23.8 inch Full HD LED Backlit IPS Panel Monitor (MA24MN),Display Type: LED Backlit,60.45 cm (23.8 inch) Full HD Display,Response Time: 15 ms | VGA,HDMI,Monitor
Philips 27 inch Full HD LED Backlit IPS Panel Monitor (276E9QJAB/94),Display Type: LED,68.58 cm (27 inch) Full HD Display,Response Time: 4 ms | VGA,HDMI Ports - 1,Monitor
Lenovo 23.8 inch Full HD Monitor (Q24i-10),Display Type: LED,60.45 cm (23.8 inch) Full HD Display,Response Time: 4 ms | VGA,HDMI,Monitor
Lenovo 27 inch Full HD Monitor (D27-20),Display Type: LED,68.58 cm (27 inch) Full HD Display,Response Time: 4 ms | VGA,HDMI,Monitor
HP 23.8 inch Full HD LED Backlit IPS Panel Monitor (24m),Display Type: LED,60.45 cm (23.8 inch) Full HD Display,Response Time: 5 ms | VGA,HDMI Ports - 1,Monitor
HP 21.5 inch Full HD LED Backlit IPS Panel Monitor (22es),Display Type: LED Backlit,54.61 cm (21.5 inch) Full HD Display,Response Time: 14 ms | VGA,HDMI Ports - 1,Monitor
Samsung 21.5 inch Full HD LED Backlit Monitor (sf350 ls22f350fhwxxl),Display Type: backlit led,54.61 cm (21.5 inch) Full HD Display,Response Time: 4 ms | VGA,HDMI,Monitor
LG 18.5 inch HD LED Backlit Monitor (19M38HB -BB.BTRFMVL),Display Type: LED Backlit,46.99 cm (18.5 inch) HD Display,Response Time: 5 ms | VGA,HDMI Ports - 1,Monitor
Dell 22 inch Full HD Monitor (E2218HN),Display Type: LED Backlit,55.88 cm (22 inch) Full HD Display,Response Time: 5 ms | VGA,HDMI,Monitor
LG 22 inch Full HD LED Backlit IPS Panel Monitor (22MP68VQ),Display Type: LED Backlit,55.88 cm (22 inch) Full HD Display,Response Time: 5 ms | VGA,HDMI,Monitor
MarQ by Flipkart 23.8 inch Full HD LED Backlit IPS Panel Monitor (MA24MN),Display Type: LED Backlit,60.45 cm (23.8 inch) Full HD Display,Response Time: 15 ms | VGA,HDMI,Monitor
Philips 27 inch Full HD LED Backlit IPS Panel Monitor (276E9QJAB/94),Display Type: LED,68.58 cm (27 inch) Full HD Display,Response Time: 4 ms | VGA,HDMI Ports - 1,Monitor
Lenovo 23.8 inch Full HD Monitor (Q24i-10),Display Type: LED,60.45 cm (23.8 inch) Full HD Display,Response Time: 4 ms | VGA,HDMI,Monitor
Lenovo 27 inch Full HD Monitor (D27-20),Display Type: LED,68.58 cm (27 inch) Full HD Display,Response Time: 4 ms | VGA,HDMI,Monitor
HP 23.8 inch Full HD LED Backlit IPS Panel Monitor (24m),Display Type: LED,60.45 cm (23.8 inch) Full HD Display,Response Time: 5 ms | VGA,HDMI Ports - 1,Monitor
HP 21.5 inch Full HD LED Backlit IPS Panel Monitor (22es),Display Type: LED Backlit,54.61 cm (21.5 inch) Full HD Display,Response Time: 14 ms | VGA,HDMI Ports - 1,Monitor
Samsung 21.5 inch Full HD LED Backlit Monitor (sf350 ls22f350fhwxxl),Display Type: backlit led,54.61 cm (21.5 inch) Full HD Display,Response Time: 4 ms | VGA,HDMI,Monitor
LG 18.5 inch HD LED Backlit Monitor (19M38HB -BB.BTRFMVL),Display Type: LED Backlit,46.99 cm (18.5 inch) HD Display,Response Time: 5 ms | VGA,HDMI Ports - 1,Monitor
Dell 22 inch Full HD Monitor (E2218HN),Display Type: LED Backlit,55.88 cm (22 inch) Full HD Display,Response Time: 5 ms | VGA,HDMI,Monitor
LG 22 inch Full HD LED Backlit IPS Panel Monitor (22MP68VQ),Display Type: LED Backlit,55.88 cm (22 inch) Full HD Display,Response Time: 5 ms | VGA,HDMI,Monitor
MarQ by Flipkart 23.8 inch Full HD LED Backlit IPS Panel Monitor (MA24MN),Display Type: LED Backlit,60.45 cm (23.8 inch) Full HD Display,Response Time: 15 ms | VGA,HDMI,Monitor
Philips 27 inch Full HD LED Backlit IPS Panel Monitor (276E9QJAB/94),Display Type: LED,68.58 cm (27 inch) Full HD Display,Response Time: 4 ms | VGA,HDMI Ports - 1,Monitor
Lenovo 23.8 inch Full HD Monitor (Q24i-10),Display Type: LED,60.45 cm (23.8 inch) Full HD Display,Response Time: 4 ms | VGA,HDMI,Monitor
Lenovo 27 inch Full HD Monitor (D27-20),Display Type: LED,68.58 cm (27 inch) Full HD Display,Response Time: 4 ms | VGA,HDMI,Monitor
HP 23.8 inch Full HD LED Backlit IPS Panel Monitor (24m),Display Type: LED,60.45 cm (23.8 inch) Full HD Display,Response Time: 5 ms | VGA,HDMI Ports - 1,Monitor
HP 21.5 inch Full HD LED Backlit IPS Panel Monitor (22es),Display Type: LED Backlit,54.61 cm (21.5 inch) Full HD Display,Response Time: 14 ms | VGA,HDMI Ports - 1,Monitor
Samsung 21.5 inch Full HD LED Backlit Monitor (sf350 ls22f350fhwxxl),Display Type: backlit led,54.61 cm (21.5 inch) Full HD Display,Response Time: 4 ms | VGA,HDMI,Monitor
LG 18.5 inch HD LED Backlit Monitor (19M38HB -BB.BTRFMVL),Display Type: LED Backlit,46.99 cm (18.5 inch) HD Display,Response Time: 5 ms | VGA,HDMI Ports - 1,Monitor
Dell 22 inch Full HD Monitor (E2218HN),Display Type: LED Backlit,55.88 cm (22 inch) Full HD Display,Response Time: 5 ms | VGA,HDMI,Monitor
LG 22 inch Full HD LED Backlit IPS Panel Monitor (22MP68VQ),Display Type: LED Backlit,55.88 cm (22 inch) Full HD Display,Response Time: 5 ms | VGA,HDMI,Monitor
MarQ by Flipkart 23.8 inch Full HD LED Backlit IPS Panel Monitor (MA24MN),Display Type: LED Backlit,60.45 cm (23.8 inch) Full HD Display,Response Time: 15 ms | VGA,HDMI,Monitor
Philips 27 inch Full HD LED Backlit IPS Panel Monitor (276E9QJAB/94),Display Type: LED,68.58 cm (27 inch) Full HD Display,Response Time: 4 ms | VGA,HDMI Ports - 1,Monitor
Lenovo 23.8 inch Full HD Monitor (Q24i-10),Display Type: LED,60.45 cm (23.8 inch) Full HD Display,Response Time: 4 ms | VGA,HDMI,Monitor
Lenovo 27 inch Full HD Monitor (D27-20),Display Type: LED,68.58 cm (27 inch) Full HD Display,Response Time: 4 ms | VGA,HDMI,Monitor
HP 23.8 inch Full HD LED Backlit IPS Panel Monitor (24m),Display Type: LED,60.45 cm (23.8 inch) Full HD Display,Response Time: 5 ms | VGA,HDMI Ports - 1,Monitor
HP 21.5 inch Full HD LED Backlit IPS Panel Monitor (22es),Display Type: LED Backlit,54.61 cm (21.5 inch) Full HD Display,Response Time: 14 ms | VGA,HDMI Ports - 1,Monitor
Samsung 21.5 inch Full HD LED Backlit Monitor (sf350 ls22f350fhwxxl),Display Type: backlit led,54.61 cm (21.5 inch) Full HD Display,Response Time: 4 ms | VGA,HDMI,Monitor
LG 18.5 inch HD LED Backlit Monitor (19M38HB -BB.BTRFMVL),Display Type: LED Backlit,46.99 cm (18.5 inch) HD Display,Response Time: 5 ms | VGA,HDMI Ports - 1,Monitor
Dell 22 inch Full HD Monitor (E2218HN),Display Type: LED Backlit,55.88 cm (22 inch) Full HD Display,Response Time: 5 ms | VGA,HDMI,Monitor
LG 22 inch Full HD LED Backlit IPS Panel Monitor (22MP68VQ),Display Type: LED Backlit,55.88 cm (22 inch) Full HD Display,Response Time: 5 ms | VGA,HDMI,Monitor
MarQ by Flipkart 23.8 inch Full HD LED Backlit IPS Panel Monitor (MA24MN),Display Type: LED Backlit,60.45 cm (23.8 inch) Full HD Display,Response Time: 15 ms | VGA,HDMI,Monitor
Philips 27 inch Full HD LED Backlit IPS Panel Monitor (276E9QJAB/94),Display Type: LED,68.58 cm (27 inch) Full HD Display,Response Time: 4 ms | VGA,HDMI Ports - 1,Monitor
Lenovo 23.8 inch Full HD Monitor (Q24i-10),Display Type: LED,60.45 cm (23.8 inch) Full HD Display,Response Time: 4 ms | VGA,HDMI,Monitor
Lenovo 27 inch Full HD Monitor (D27-20),Display Type: LED,68.58 cm (27 inch) Full HD Display,Response Time: 4 ms | VGA,HDMI,Monitor
HP 23.8 inch Full HD LED Backlit IPS Panel Monitor (24m),Display Type: LED,60.45 cm (23.8 inch) Full HD Display,Response Time: 5 ms | VGA,HDMI Ports - 1,Monitor
HP 21.5 inch Full HD LED Backlit IPS Panel Monitor (22es),Display Type: LED Backlit,54.61 cm (21.5 inch) Full HD Display,Response Time: 14 ms | VGA,HDMI Ports - 1,Monitor
Samsung 21.5 inch Full HD LED Backlit Monitor (sf350 ls22f350fhwxxl),Display Type: backlit led,54.61 cm (21.5 inch) Full HD Display,Response Time: 4 ms | VGA,HDMI,Monitor
LG 18.5 inch HD LED Backlit Monitor (19M38HB -BB.BTRFMVL),Display Type: LED Backlit,46.99 cm (18.5 inch) HD Display,Response Time: 5 ms | VGA,HDMI Ports - 1,Monitor
Dell 22 inch Full HD Monitor (E2218HN),Display Type: LED Backlit,55.88 cm (22 inch) Full HD Display,Response Time: 5 ms | VGA,HDMI,Monitor
LG 22 inch Full HD LED Backlit IPS Panel Monitor (22MP68VQ),Display Type: LED Backlit,55.88 cm (22 inch) Full HD Display,Response Time: 5 ms | VGA,HDMI,Monitor
MarQ by Flipkart 23.8 inch Full HD LED Backlit IPS Panel Monitor (MA24MN),Display Type: LED Backlit,60.45 cm (23.8 inch) Full HD Display,Response Time: 15 ms | VGA,HDMI,Monitor
Philips 27 inch Full HD LED Backlit IPS Panel Monitor (276E9QJAB/94),Display Type: LED,68.58 cm (27 inch) Full HD Display,Response Time: 4 ms | VGA,HDMI Ports - 1,Monitor
Lenovo 23.8 inch Full HD Monitor (Q24i-10),Display Type: LED,60.45 cm (23.8 inch) Full HD Display,Response Time: 4 ms | VGA,HDMI,Monitor
Lenovo 27 inch Full HD Monitor (D27-20),Display Type: LED,68.58 cm (27 inch) Full HD Display,Response Time: 4 ms | VGA,HDMI,Monitor
HP 23.8 inch Full HD LED Backlit IPS Panel Monitor (24m),Display Type: LED,60.45 cm (23.8 inch) Full HD Display,Response Time: 5 ms | VGA,HDMI Ports - 1,Monitor
HP 21.5 inch Full HD LED Backlit IPS Panel Monitor (22es),Display Type: LED Backlit,54.61 cm (21.5 inch) Full HD Display,Response Time: 14 ms | VGA,HDMI Ports - 1,Monitor
Samsung 21.5 inch Full HD LED Backlit Monitor (sf350 ls22f350fhwxxl),Display Type: backlit led,54.61 cm (21.5 inch) Full HD Display,Response Time: 4 ms | VGA,HDMI,Monitor
LG 18.5 inch HD LED Backlit Monitor (19M38HB -BB.BTRFMVL),Display Type: LED Backlit,46.99 cm (18.5 inch) HD Display,Response Time: 5 ms | VGA,HDMI Ports - 1,Monitor
Dell 22 inch Full HD Monitor (E2218HN),Display Type: LED Backlit,55.88 cm (22 inch) Full HD Display,Response Time: 5 ms | VGA,HDMI,Monitor
LG 22 inch Full HD LED Backlit IPS Panel Monitor (22MP68VQ),Display Type: LED Backlit,55.88 cm (22 inch) Full HD Display,Response Time: 5 ms | VGA,HDMI,Monitor
MarQ by Flipkart 23.8 inch Full HD LED Backlit IPS Panel Monitor (MA24MN),Display Type: LED Backlit,60.45 cm (23.8 inch) Full HD Display,Response Time: 15 ms | VGA,HDMI,Monitor
Philips 27 inch Full HD LED Backlit IPS Panel Monitor (276E9QJAB/94),Display Type: LED,68.58 cm (27 inch) Full HD Display,Response Time: 4 ms | VGA,HDMI Ports - 1,Monitor
Lenovo 23.8 inch Full HD Monitor (Q24i-10),Display Type: LED,60.45 cm (23.8 inch) Full HD Display,Response Time: 4 ms | VGA,HDMI,Monitor
Lenovo 27 inch Full HD Monitor (D27-20),Display Type: LED,68.58 cm (27 inch) Full HD Display,Response Time: 4 ms | VGA,HDMI,Monitor
HP 23.8 inch Full HD LED Backlit IPS Panel Monitor (24m),Display Type: LED,60.45 cm (23.8 inch) Full HD Display,Response Time: 5 ms | VGA,HDMI Ports - 1,Monitor
HP 21.5 inch Full HD LED Backlit IPS Panel Monitor (22es),Display Type: LED Backlit,54.61 cm (21.5 inch) Full HD Display,Response Time: 14 ms | VGA,HDMI Ports - 1,Monitor
Samsung 21.5 inch Full HD LED Backlit Monitor (sf350 ls22f350fhwxxl),Display Type: backlit led,54.61 cm (21.5 inch) Full HD Display,Response Time: 4 ms | VGA,HDMI,Monitor
LG 18.5 inch HD LED Backlit Monitor (19M38HB -BB.BTRFMVL),Display Type: LED Backlit,46.99 cm (18.5 inch) HD Display,Response Time: 5 ms | VGA,HDMI Ports - 1,Monitor
Dell 22 inch Full HD Monitor (E2218HN),Display Type: LED Backlit,55.88 cm (22 inch) Full HD Display,Response Time: 5 ms | VGA,HDMI,Monitor
LG 22 inch Full HD LED Backlit IPS Panel Monitor (22MP68VQ),Display Type: LED Backlit,55.88 cm (22 inch) Full HD Display,Response Time: 5 ms | VGA,HDMI,Monitor
MarQ by Flipkart 23.8 inch Full HD LED Backlit IPS Panel Monitor (MA24MN),Display Type: LED Backlit,60.45 cm (23.8 inch) Full HD Display,Response Time: 15 ms | VGA,HDMI,Monitor
Philips 27 inch Full HD LED Backlit IPS Panel Monitor (276E9QJAB/94),Display Type: LED,68.58 cm (27 inch) Full HD Display,Response Time: 4 ms | VGA,HDMI Ports - 1,Monitor
Lenovo 23.8 inch Full HD Monitor (Q24i-10),Display Type: LED,60.45 cm (23.8 inch) Full HD Display,Response Time: 4 ms | VGA,HDMI,Monitor
Lenovo 27 inch Full HD Monitor (D27-20),Display Type: LED,68.58 cm (27 inch) Full HD Display,Response Time: 4 ms | VGA,HDMI,Monitor
HP 23.8 inch Full HD LED Backlit IPS Panel Monitor (24m),Display Type: LED,60.45 cm (23.8 inch) Full HD Display,Response Time: 5 ms | VGA,HDMI Ports - 1,Monitor
HP 21.5 inch Full HD LED Backlit IPS Panel Monitor (22es),Display Type: LED Backlit,54.61 cm (21.5 inch) Full HD Display,Response Time: 14 ms | VGA,HDMI Ports - 1,Monitor
Samsung 21.5 inch Full HD LED Backlit Monitor (sf350 ls22f350fhwxxl),Display Type: backlit led,54.61 cm (21.5 inch) Full HD Display,Response Time: 4 ms | VGA,HDMI,Monitor
LG 18.5 inch HD LED Backlit Monitor (19M38HB -BB.BTRFMVL),Display Type: LED Backlit,46.99 cm (18.5 inch) HD Display,Response Time: 5 ms | VGA,HDMI Ports - 1,Monitor
Dell 22 inch Full HD Monitor (E2218HN),Display Type: LED Backlit,55.88 cm (22 inch) Full HD Display,Response Time: 5 ms | VGA,HDMI,Monitor
LG 22 inch Full HD LED Backlit IPS Panel Monitor (22MP68VQ),Display Type: LED Backlit,55.88 cm (22 inch) Full HD Display,Response Time: 5 ms | VGA,HDMI,Monitor
MarQ by Flipkart 23.8 inch Full HD LED Backlit IPS Panel Monitor (MA24MN),Display Type: LED Backlit,60.45 cm (23.8 inch) Full HD Display,Response Time: 15 ms | VGA,HDMI,Monitor
Philips 27 inch Full HD LED Backlit IPS Panel Monitor (276E9QJAB/94),Display Type: LED,68.58 cm (27 inch) Full HD Display,Response Time: 4 ms | VGA,HDMI Ports - 1,Monitor
Lenovo 23.8 inch Full HD Monitor (Q24i-10),Display Type: LED,60.45 cm (23.8 inch) Full HD Display,Response Time: 4 ms | VGA,HDMI,Monitor
Lenovo 27 inch Full HD Monitor (D27-20),Display Type: LED,68.58 cm (27 inch) Full HD Display,Response Time: 4 ms | VGA,HDMI,Monitor
HP 23.8 inch Full HD LED Backlit IPS Panel Monitor (24m),Display Type: LED,60.45 cm (23.8 inch) Full HD Display,Response Time: 5 ms | VGA,HDMI Ports - 1,Monitor
HP 21.5 inch Full HD LED Backlit IPS Panel Monitor (22es),Display Type: LED Backlit,54.61 cm (21.5 inch) Full HD Display,Response Time: 14 ms | VGA,HDMI Ports - 1,Monitor
Samsung 21.5 inch Full HD LED Backlit Monitor (sf350 ls22f350fhwxxl),Display Type: backlit led,54.61 cm (21.5 inch) Full HD Display,Response Time: 4 ms | VGA,HDMI,Monitor
LG 18.5 inch HD LED Backlit Monitor (19M38HB -BB.BTRFMVL),Display Type: LED Backlit,46.99 cm (18.5 inch) HD Display,Response Time: 5 ms | VGA,HDMI Ports - 1,Monitor
Dell 22 inch Full HD Monitor (E2218HN),Display Type: LED Backlit,55.88 cm (22 inch) Full HD Display,Response Time: 5 ms | VGA,HDMI,Monitor
LG 22 inch Full HD LED Backlit IPS Panel Monitor (22MP68VQ),Display Type: LED Backlit,55.88 cm (22 inch) Full HD Display,Response Time: 5 ms | VGA,HDMI,Monitor
MarQ by Flipkart 23.8 inch Full HD LED Backlit IPS Panel Monitor (MA24MN),Display Type: LED Backlit,60.45 cm (23.8 inch) Full HD Display,Response Time: 15 ms | VGA,HDMI,Monitor
Philips 27 inch Full HD LED Backlit IPS Panel Monitor (276E9QJAB/94),Display Type: LED,68.58 cm (27 inch) Full HD Display,Response Time: 4 ms | VGA,HDMI Ports - 1,Monitor
Lenovo 23.8 inch Full HD Monitor (Q24i-10),Display Type: LED,60.45 cm (23.8 inch) Full HD Display,Response Time: 4 ms | VGA,HDMI,Monitor
Lenovo 27 inch Full HD Monitor (D27-20),Display Type: LED,68.58 cm (27 inch) Full HD Display,Response Time: 4 ms | VGA,HDMI,Monitor
HP 23.8 inch Full HD LED Backlit IPS Panel Monitor (24m),Display Type: LED,60.45 cm (23.8 inch) Full HD Display,Response Time: 5 ms | VGA,HDMI Ports - 1,Monitor
HP 21.5 inch Full HD LED Backlit IPS Panel Monitor (22es),Display Type: LED Backlit,54.61 cm (21.5 inch) Full HD Display,Response Time: 14 ms | VGA,HDMI Ports - 1,Monitor
Samsung 21.5 inch Full HD LED Backlit Monitor (sf350 ls22f350fhwxxl),Display Type: backlit led,54.61 cm (21.5 inch) Full HD Display,Response Time: 4 ms | VGA,HDMI,Monitor
LG 18.5 inch HD LED Backlit Monitor (19M38HB -BB.BTRFMVL),Display Type: LED Backlit,46.99 cm (18.5 inch) HD Display,Response Time: 5 ms | VGA,HDMI Ports - 1,Monitor
Dell 22 inch Full HD Monitor (E2218HN),Display Type: LED Backlit,55.88 cm (22 inch) Full HD Display,Response Time: 5 ms | VGA,HDMI,Monitor
LG 22 inch Full HD LED Backlit IPS Panel Monitor (22MP68VQ),Display Type: LED Backlit,55.88 cm (22 inch) Full HD Display,Response Time: 5 ms | VGA,HDMI,Monitor
MarQ by Flipkart 23.8 inch Full HD LED Backlit IPS Panel Monitor (MA24MN),Display Type: LED Backlit,60.45 cm (23.8 inch) Full HD Display,Response Time: 15 ms | VGA,HDMI,Monitor
Philips 27 inch Full HD LED Backlit IPS Panel Monitor (276E9QJAB/94),Display Type: LED,68.58 cm (27 inch) Full HD Display,Response Time: 4 ms | VGA,HDMI Ports - 1,Monitor
Lenovo 23.8 inch Full HD Monitor (Q24i-10),Display Type: LED,60.45 cm (23.8 inch) Full HD Display,Response Time: 4 ms | VGA,HDMI,Monitor
Lenovo 27 inch Full HD Monitor (D27-20),Display Type: LED,68.58 cm (27 inch) Full HD Display,Response Time: 4 ms | VGA,HDMI,Monitor
HP 23.8 inch Full HD LED Backlit IPS Panel Monitor (24m),Display Type: LED,60.45 cm (23.8 inch) Full HD Display,Response Time: 5 ms | VGA,HDMI Ports - 1,Monitor
HP 21.5 inch Full HD LED Backlit IPS Panel Monitor (22es),Display Type: LED Backlit,54.61 cm (21.5 inch) Full HD Display,Response Time: 14 ms | VGA,HDMI Ports - 1,Monitor
Samsung 21.5 inch Full HD LED Backlit Monitor (sf350 ls22f350fhwxxl),Display Type: backlit led,54.61 cm (21.5 inch) Full HD Display,Response Time: 4 ms | VGA,HDMI,Monitor
LG 18.5 inch HD LED Backlit Monitor (19M38HB -BB.BTRFMVL),Display Type: LED Backlit,46.99 cm (18.5 inch) HD Display,Response Time: 5 ms | VGA,HDMI Ports - 1,Monitor
Dell 22 inch Full HD Monitor (E2218HN),Display Type: LED Backlit,55.88 cm (22 inch) Full HD Display,Response Time: 5 ms | VGA,HDMI,Monitor
LG 22 inch Full HD LED Backlit IPS Panel Monitor (22MP68VQ),Display Type: LED Backlit,55.88 cm (22 inch) Full HD Display,Response Time: 5 ms | VGA,HDMI,Monitor
MarQ by Flipkart 23.8 inch Full HD LED Backlit IPS Panel Monitor (MA24MN),Display Type: LED Backlit,60.45 cm (23.8 inch) Full HD Display,Response Time: 15 ms | VGA,HDMI,Monitor
Philips 27 inch Full HD LED Backlit IPS Panel Monitor (276E9QJAB/94),Display Type: LED,68.58 cm (27 inch) Full HD Display,Response Time: 4 ms | VGA,HDMI Ports - 1,Monitor
Lenovo 23.8 inch Full HD Monitor (Q24i-10),Display Type: LED,60.45 cm (23.8 inch) Full HD Display,Response Time: 4 ms | VGA,HDMI,Monitor
Lenovo 27 inch Full HD Monitor (D27-20),Display Type: LED,68.58 cm (27 inch) Full HD Display,Response Time: 4 ms | VGA,HDMI,Monitor
HP 23.8 inch Full HD LED Backlit IPS Panel Monitor (24m),Display Type: LED,60.45 cm (23.8 inch) Full HD Display,Response Time: 5 ms | VGA,HDMI Ports - 1,Monitor
HP 21.5 inch Full HD LED Backlit IPS Panel Monitor (22es),Display Type: LED Backlit,54.61 cm (21.5 inch) Full HD Display,Response Time: 14 ms | VGA,HDMI Ports - 1,Monitor
Samsung 21.5 inch Full HD LED Backlit Monitor (sf350 ls22f350fhwxxl),Display Type: backlit led,54.61 cm (21.5 inch) Full HD Display,Response Time: 4 ms | VGA,HDMI,Monitor
LG 18.5 inch HD LED Backlit Monitor (19M38HB -BB.BTRFMVL),Display Type: LED Backlit,46.99 cm (18.5 inch) HD Display,Response Time: 5 ms | VGA,HDMI Ports - 1,Monitor
Dell 22 inch Full HD Monitor (E2218HN),Display Type: LED Backlit,55.88 cm (22 inch) Full HD Display,Response Time: 5 ms | VGA,HDMI,Monitor
LG 22 inch Full HD LED Backlit IPS Panel Monitor (22MP68VQ),Display Type: LED Backlit,55.88 cm (22 inch) Full HD Display,Response Time: 5 ms | VGA,HDMI,Monitor
MarQ by Flipkart 23.8 inch Full HD LED Backlit IPS Panel Monitor (MA24MN),Display Type: LED Backlit,60.45 cm (23.8 inch) Full HD Display,Response Time: 15 ms | VGA,HDMI,Monitor
Philips 27 inch Full HD LED Backlit IPS Panel Monitor (276E9QJAB/94),Display Type: LED,68.58 cm (27 inch) Full HD Display,Response Time: 4 ms | VGA,HDMI Ports - 1,Monitor
Lenovo 23.8 inch Full HD Monitor (Q24i-10),Display Type: LED,60.45 cm (23.8 inch) Full HD Display,Response Time: 4 ms | VGA,HDMI,Monitor
Lenovo 27 inch Full HD Monitor (D27-20),Display Type: LED,68.58 cm (27 inch) Full HD Display,Response Time: 4 ms | VGA,HDMI,Monitor
HP 23.8 inch Full HD LED Backlit IPS Panel Monitor (24m),Display Type: LED,60.45 cm (23.8 inch) Full HD Display,Response Time: 5 ms | VGA,HDMI Ports - 1,Monitor
HP 21.5 inch Full HD LED Backlit IPS Panel Monitor (22es),Display Type: LED Backlit,54.61 cm (21.5 inch) Full HD Display,Response Time: 14 ms | VGA,HDMI Ports - 1,Monitor
Samsung 21.5 inch Full HD LED Backlit Monitor (sf350 ls22f350fhwxxl),Display Type: backlit led,54.61 cm (21.5 inch) Full HD Display,Response Time: 4 ms | VGA,HDMI,Monitor
LG 18.5 inch HD LED Backlit Monitor (19M38HB -BB.BTRFMVL),Display Type: LED Backlit,46.99 cm (18.5 inch) HD Display,Response Time: 5 ms | VGA,HDMI Ports - 1,Monitor
Dell 22 inch Full HD Monitor (E2218HN),Display Type: LED Backlit,55.88 cm (22 inch) Full HD Display,Response Time: 5 ms | VGA,HDMI,Monitor
LG 22 inch Full HD LED Backlit IPS Panel Monitor (22MP68VQ),Display Type: LED Backlit,55.88 cm (22 inch) Full HD Display,Response Time: 5 ms | VGA,HDMI,Monitor
MarQ by Flipkart 23.8 inch Full HD LED Backlit IPS Panel Monitor (MA24MN),Display Type: LED Backlit,60.45 cm (23.8 inch) Full HD Display,Response Time: 15 ms | VGA,HDMI,Monitor
Philips 27 inch Full HD LED Backlit IPS Panel Monitor (276E9QJAB/94),Display Type: LED,68.58 cm (27 inch) Full HD Display,Response Time: 4 ms | VGA,HDMI Ports - 1,Monitor
Lenovo 23.8 inch Full HD Monitor (Q24i-10),Display Type: LED,60.45 cm (23.8 inch) Full HD Display,Response Time: 4 ms | VGA,HDMI,Monitor
HP 21.5 inch Full HD LED Backlit IPS Panel Monitor (22es),Display Type: LED Backlit,54.61 cm (21.5 inch) Full HD Display,Response Time: 14 ms | VGA,HDMI Ports - 1,Monitor
Samsung 21.5 inch Full HD LED Backlit Monitor (sf350 ls22f350fhwxxl),Display Type: backlit led,54.61 cm (21.5 inch) Full HD Display,Response Time: 4 ms | VGA,HDMI,Monitor
LG 18.5 inch HD LED Backlit Monitor (19M38HB -BB.BTRFMVL),Display Type: LED Backlit,46.99 cm (18.5 inch) HD Display,Response Time: 5 ms | VGA,HDMI Ports - 1,Monitor
Dell 22 inch Full HD Monitor (E2218HN),Display Type: LED Backlit,55.88 cm (22 inch) Full HD Display,Response Time: 5 ms | VGA,HDMI,Monitor
LG 22 inch Full HD LED Backlit IPS Panel Monitor (22MP68VQ),Display Type: LED Backlit,55.88 cm (22 inch) Full HD Display,Response Time: 5 ms | VGA,HDMI,Monitor
MarQ by Flipkart 23.8 inch Full HD LED Backlit IPS Panel Monitor (MA24MN),Display Type: LED Backlit,60.45 cm (23.8 inch) Full HD Display,Response Time: 15 ms | VGA,HDMI,Monitor
Philips 27 inch Full HD LED Backlit IPS Panel Monitor (276E9QJAB/94),Display Type: LED,68.58 cm (27 inch) Full HD Display,Response Time: 4 ms | VGA,HDMI Ports - 1,Monitor
Lenovo 23.8 inch Full HD Monitor (Q24i-10),Display Type: LED,60.45 cm (23.8 inch) Full HD Display,Response Time: 4 ms | VGA,HDMI,Monitor
Dell 22 inch Full HD IPS Panel Monitor (SE2219HX),Display Type: ips,55.88 cm (22 inch) Full HD Display,Response Time: 5 ms | VGA,HDMI,Monitor
Lenovo 27 inch Full HD Monitor (D27-20),Display Type: LED,68.58 cm (27 inch) Full HD Display,Response Time: 4 ms | VGA,HDMI,Monitor
HP 23.8 inch Full HD LED Backlit IPS Panel Monitor (24m),Display Type: LED,60.45 cm (23.8 inch) Full HD Display,Response Time: 5 ms | VGA,HDMI Ports - 1,Monitor
HP 21.5 inch Full HD LED Backlit IPS Panel Monitor (22es),Display Type: LED Backlit,54.61 cm (21.5 inch) Full HD Display,Response Time: 14 ms | VGA,HDMI Ports - 1,Monitor
Samsung 21.5 inch Full HD LED Backlit Monitor (sf350 ls22f350fhwxxl),Display Type: backlit led,54.61 cm (21.5 inch) Full HD Display,Response Time: 4 ms | VGA,HDMI,Monitor
LG 18.5 inch HD LED Backlit Monitor (19M38HB -BB.BTRFMVL),Display Type: LED Backlit,46.99 cm (18.5 inch) HD Display,Response Time: 5 ms | VGA,HDMI Ports - 1,Monitor
Dell 22 inch Full HD Monitor (E2218HN),Display Type: LED Backlit,55.88 cm (22 inch) Full HD Display,Response Time: 5 ms | VGA,HDMI,Monitor
LG 22 inch Full HD LED Backlit IPS Panel Monitor (22MP68VQ),Display Type: LED Backlit,55.88 cm (22 inch) Full HD Display,Response Time: 5 ms | VGA,HDMI,Monitor
MarQ by Flipkart 23.8 inch Full HD LED Backlit IPS Panel Monitor (MA24MN),Display Type: LED Backlit,60.45 cm (23.8 inch) Full HD Display,Response Time: 15 ms | VGA,HDMI,Monitor
Philips 27 inch Full HD LED Backlit IPS Panel Monitor (276E9QJAB/94),Display Type: LED,68.58 cm (27 inch) Full HD Display,Response Time: 4 ms | VGA,HDMI Ports - 1,Monitor
Lenovo 23.8 inch Full HD Monitor (Q24i-10),Display Type: LED,60.45 cm (23.8 inch) Full HD Display,Response Time: 4 ms | VGA,HDMI,Monitor
Lenovo 27 inch Full HD Monitor (D27-20),Display Type: LED,68.58 cm (27 inch) Full HD Display,Response Time: 4 ms | VGA,HDMI,Monitor
HP 23.8 inch Full HD LED Backlit IPS Panel Monitor (24m),Display Type: LED,60.45 cm (23.8 inch) Full HD Display,Response Time: 5 ms | VGA,HDMI Ports - 1,Monitor
HP 21.5 inch Full HD LED Backlit IPS Panel Monitor (22es),Display Type: LED Backlit,54.61 cm (21.5 inch) Full HD Display,Response Time: 14 ms | VGA,HDMI Ports - 1,Monitor
Samsung 21.5 inch Full HD LED Backlit Monitor (sf350 ls22f350fhwxxl),Display Type: backlit led,54.61 cm (21.5 inch) Full HD Display,Response Time: 4 ms | VGA,HDMI,Monitor
LG 18.5 inch HD LED Backlit Monitor (19M38HB -BB.BTRFMVL),Display Type: LED Backlit,46.99 cm (18.5 inch) HD Display,Response Time: 5 ms | VGA,HDMI Ports - 1,Monitor
Dell 22 inch Full HD Monitor (E2218HN),Display Type: LED Backlit,55.88 cm (22 inch) Full HD Display,Response Time: 5 ms | VGA,HDMI,Monitor
LG 22 inch Full HD LED Backlit IPS Panel Monitor (22MP68VQ),Display Type: LED Backlit,55.88 cm (22 inch) Full HD Display,Response Time: 5 ms | VGA,HDMI,Monitor
MarQ by Flipkart 23.8 inch Full HD LED Backlit IPS Panel Monitor (MA24MN),Display Type: LED Backlit,60.45 cm (23.8 inch) Full HD Display,Response Time: 15 ms | VGA,HDMI,Monitor
Philips 27 inch Full HD LED Backlit IPS Panel Monitor (276E9QJAB/94),Display Type: LED,68.58 cm (27 inch) Full HD Display,Response Time: 4 ms | VGA,HDMI Ports - 1,Monitor
Lenovo 23.8 inch Full HD Monitor (Q24i-10),Display Type: LED,60.45 cm (23.8 inch) Full HD Display,Response Time: 4 ms | VGA,HDMI,Monitor
Lenovo 27 inch Full HD Monitor (D27-20),Display Type: LED,68.58 cm (27 inch) Full HD Display,Response Time: 4 ms | VGA,HDMI,Monitor
HP 23.8 inch Full HD LED Backlit IPS Panel Monitor (24m),Display Type: LED,60.45 cm (23.8 inch) Full HD Display,Response Time: 5 ms | VGA,HDMI Ports - 1,Monitor
HP 21.5 inch Full HD LED Backlit IPS Panel Monitor (22es),Display Type: LED Backlit,54.61 cm (21.5 inch) Full HD Display,Response Time: 14 ms | VGA,HDMI Ports - 1,Monitor
Samsung 21.5 inch Full HD LED Backlit Monitor (sf350 ls22f350fhwxxl),Display Type: backlit led,54.61 cm (21.5 inch) Full HD Display,Response Time: 4 ms | VGA,HDMI,Monitor
LG 18.5 inch HD LED Backlit Monitor (19M38HB -BB.BTRFMVL),Display Type: LED Backlit,46.99 cm (18.5 inch) HD Display,Response Time: 5 ms | VGA,HDMI Ports - 1,Monitor
Dell 22 inch Full HD Monitor (E2218HN),Display Type: LED Backlit,55.88 cm (22 inch) Full HD Display,Response Time: 5 ms | VGA,HDMI,Monitor
LG 22 inch Full HD LED Backlit IPS Panel Monitor (22MP68VQ),Display Type: LED Backlit,55.88 cm (22 inch) Full HD Display,Response Time: 5 ms | VGA,HDMI,Monitor
MarQ by Flipkart 23.8 inch Full HD LED Backlit IPS Panel Monitor (MA24MN),Display Type: LED Backlit,60.45 cm (23.8 inch) Full HD Display,Response Time: 15 ms | VGA,HDMI,Monitor
Philips 27 inch Full HD LED Backlit IPS Panel Monitor (276E9QJAB/94),Display Type: LED,68.58 cm (27 inch) Full HD Display,Response Time: 4 ms | VGA,HDMI Ports - 1,Monitor
Lenovo 23.8 inch Full HD Monitor (Q24i-10),Display Type: LED,60.45 cm (23.8 inch) Full HD Display,Response Time: 4 ms | VGA,HDMI,Monitor
Lenovo 27 inch Full HD Monitor (D27-20),Display Type: LED,68.58 cm (27 inch) Full HD Display,Response Time: 4 ms | VGA,HDMI,Monitor
HP 23.8 inch Full HD LED Backlit IPS Panel Monitor (24m),Display Type: LED,60.45 cm (23.8 inch) Full HD Display,Response Time: 5 ms | VGA,HDMI Ports - 1,Monitor
HP 21.5 inch Full HD LED Backlit IPS Panel Monitor (22es),Display Type: LED Backlit,54.61 cm (21.5 inch) Full HD Display,Response Time: 14 ms | VGA,HDMI Ports - 1,Monitor
Samsung 21.5 inch Full HD LED Backlit Monitor (sf350 ls22f350fhwxxl),Display Type: backlit led,54.61 cm (21.5 inch) Full HD Display,Response Time: 4 ms | VGA,HDMI,Monitor
LG 18.5 inch HD LED Backlit Monitor (19M38HB -BB.BTRFMVL),Display Type: LED Backlit,46.99 cm (18.5 inch) HD Display,Response Time: 5 ms | VGA,HDMI Ports - 1,Monitor
Dell 22 inch Full HD Monitor (E2218HN),Display Type: LED Backlit,55.88 cm (22 inch) Full HD Display,Response Time: 5 ms | VGA,HDMI,Monitor
LG 22 inch Full HD LED Backlit IPS Panel Monitor (22MP68VQ),Display Type: LED Backlit,55.88 cm (22 inch) Full HD Display,Response Time: 5 ms | VGA,HDMI,Monitor
MarQ by Flipkart 23.8 inch Full HD LED Backlit IPS Panel Monitor (MA24MN),Display Type: LED Backlit,60.45 cm (23.8 inch) Full HD Display,Response Time: 15 ms | VGA,HDMI,Monitor
Philips 27 inch Full HD LED Backlit IPS Panel Monitor (276E9QJAB/94),Display Type: LED,68.58 cm (27 inch) Full HD Display,Response Time: 4 ms | VGA,HDMI Ports - 1,Monitor
Lenovo 23.8 inch Full HD Monitor (Q24i-10),Display Type: LED,60.45 cm (23.8 inch) Full HD Display,Response Time: 4 ms | VGA,HDMI,Monitor
HP 21.5 inch Full HD LED Backlit IPS Panel Monitor (22es),Display Type: LED Backlit,54.61 cm (21.5 inch) Full HD Display,Response Time: 14 ms | VGA,HDMI Ports - 1,Monitor
Samsung 21.5 inch Full HD LED Backlit Monitor (sf350 ls22f350fhwxxl),Display Type: backlit led,54.61 cm (21.5 inch) Full HD Display,Response Time: 4 ms | VGA,HDMI,Monitor
LG 18.5 inch HD LED Backlit Monitor (19M38HB -BB.BTRFMVL),Display Type: LED Backlit,46.99 cm (18.5 inch) HD Display,Response Time: 5 ms | VGA,HDMI Ports - 1,Monitor
Dell 22 inch Full HD Monitor (E2218HN),Display Type: LED Backlit,55.88 cm (22 inch) Full HD Display,Response Time: 5 ms | VGA,HDMI,Monitor
LG 22 inch Full HD LED Backlit IPS Panel Monitor (22MP68VQ),Display Type: LED Backlit,55.88 cm (22 inch) Full HD Display,Response Time: 5 ms | VGA,HDMI,Monitor
MarQ by Flipkart 23.8 inch Full HD LED Backlit IPS Panel Monitor (MA24MN),Display Type: LED Backlit,60.45 cm (23.8 inch) Full HD Display,Response Time: 15 ms | VGA,HDMI,Monitor
Philips 27 inch Full HD LED Backlit IPS Panel Monitor (276E9QJAB/94),Display Type: LED,68.58 cm (27 inch) Full HD Display,Response Time: 4 ms | VGA,HDMI Ports - 1,Monitor
Lenovo 23.8 inch Full HD Monitor (Q24i-10),Display Type: LED,60.45 cm (23.8 inch) Full HD Display,Response Time: 4 ms | VGA,HDMI,Monitor
Dell 22 inch Full HD IPS Panel Monitor (SE2219HX),Display Type: ips,55.88 cm (22 inch) Full HD Display,Response Time: 5 ms | VGA,HDMI,Monitor
Lenovo 27 inch Full HD Monitor (D27-20),Display Type: LED,68.58 cm (27 inch) Full HD Display,Response Time: 4 ms | VGA,HDMI,Monitor
HP 23.8 inch Full HD LED Backlit IPS Panel Monitor (24m),Display Type: LED,60.45 cm (23.8 inch) Full HD Display,Response Time: 5 ms | VGA,HDMI Ports - 1,Monitor
HP 21.5 inch Full HD LED Backlit IPS Panel Monitor (22es),Display Type: LED Backlit,54.61 cm (21.5 inch) Full HD Display,Response Time: 14 ms | VGA,HDMI Ports - 1,Monitor
Samsung 21.5 inch Full HD LED Backlit Monitor (sf350 ls22f350fhwxxl),Display Type: backlit led,54.61 cm (21.5 inch) Full HD Display,Response Time: 4 ms | VGA,HDMI,Monitor
LG 18.5 inch HD LED Backlit Monitor (19M38HB -BB.BTRFMVL),Display Type: LED Backlit,46.99 cm (18.5 inch) HD Display,Response Time: 5 ms | VGA,HDMI Ports - 1,Monitor
Dell 22 inch Full HD Monitor (E2218HN),Display Type: LED Backlit,55.88 cm (22 inch) Full HD Display,Response Time: 5 ms | VGA,HDMI,Monitor
LG 22 inch Full HD LED Backlit IPS Panel Monitor (22MP68VQ),Display Type: LED Backlit,55.88 cm (22 inch) Full HD Display,Response Time: 5 ms | VGA,HDMI,Monitor
MarQ by Flipkart 23.8 inch Full HD LED Backlit IPS Panel Monitor (MA24MN),Display Type: LED Backlit,60.45 cm (23.8 inch) Full HD Display,Response Time: 15 ms | VGA,HDMI,Monitor
Philips 27 inch Full HD LED Backlit IPS Panel Monitor (276E9QJAB/94),Display Type: LED,68.58 cm (27 inch) Full HD Display,Response Time: 4 ms | VGA,HDMI Ports - 1,Monitor
Lenovo 23.8 inch Full HD Monitor (Q24i-10),Display Type: LED,60.45 cm (23.8 inch) Full HD Display,Response Time: 4 ms | VGA,HDMI,Monitor
Lenovo 27 inch Full HD Monitor (D27-20),Display Type: LED,68.58 cm (27 inch) Full HD Display,Response Time: 4 ms | VGA,HDMI,Monitor
HP 23.8 inch Full HD LED Backlit IPS Panel Monitor (24m),Display Type: LED,60.45 cm (23.8 inch) Full HD Display,Response Time: 5 ms | VGA,HDMI Ports - 1,Monitor
HP 21.5 inch Full HD LED Backlit IPS Panel Monitor (22es),Display Type: LED Backlit,54.61 cm (21.5 inch) Full HD Display,Response Time: 14 ms | VGA,HDMI Ports - 1,Monitor
Samsung 21.5 inch Full HD LED Backlit Monitor (sf350 ls22f350fhwxxl),Display Type: backlit led,54.61 cm (21.5 inch) Full HD Display,Response Time: 4 ms | VGA,HDMI,Monitor
LG 18.5 inch HD LED Backlit Monitor (19M38HB -BB.BTRFMVL),Display Type: LED Backlit,46.99 cm (18.5 inch) HD Display,Response Time: 5 ms | VGA,HDMI Ports - 1,Monitor
Dell 22 inch Full HD Monitor (E2218HN),Display Type: LED Backlit,55.88 cm (22 inch) Full HD Display,Response Time: 5 ms | VGA,HDMI,Monitor
LG 22 inch Full HD LED Backlit IPS Panel Monitor (22MP68VQ),Display Type: LED Backlit,55.88 cm (22 inch) Full HD Display,Response Time: 5 ms | VGA,HDMI,Monitor
MarQ by Flipkart 23.8 inch Full HD LED Backlit IPS Panel Monitor (MA24MN),Display Type: LED Backlit,60.45 cm (23.8 inch) Full HD Display,Response Time: 15 ms | VGA,HDMI,Monitor
Philips 27 inch Full HD LED Backlit IPS Panel Monitor (276E9QJAB/94),Display Type: LED,68.58 cm (27 inch) Full HD Display,Response Time: 4 ms | VGA,HDMI Ports - 1,Monitor
Lenovo 23.8 inch Full HD Monitor (Q24i-10),Display Type: LED,60.45 cm (23.8 inch) Full HD Display,Response Time: 4 ms | VGA,HDMI,Monitor
Lenovo 27 inch Full HD Monitor (D27-20),Display Type: LED,68.58 cm (27 inch) Full HD Display,Response Time: 4 ms | VGA,HDMI,Monitor
HP 23.8 inch Full HD LED Backlit IPS Panel Monitor (24m),Display Type: LED,60.45 cm (23.8 inch) Full HD Display,Response Time: 5 ms | VGA,HDMI Ports - 1,Monitor
HP 21.5 inch Full HD LED Backlit IPS Panel Monitor (22es),Display Type: LED Backlit,54.61 cm (21.5 inch) Full HD Display,Response Time: 14 ms | VGA,HDMI Ports - 1,Monitor
Samsung 21.5 inch Full HD LED Backlit Monitor (sf350 ls22f350fhwxxl),Display Type: backlit led,54.61 cm (21.5 inch) Full HD Display,Response Time: 4 ms | VGA,HDMI,Monitor
LG 18.5 inch HD LED Backlit Monitor (19M38HB -BB.BTRFMVL),Display Type: LED Backlit,46.99 cm (18.5 inch) HD Display,Response Time: 5 ms | VGA,HDMI Ports - 1,Monitor
Dell 22 inch Full HD Monitor (E2218HN),Display Type: LED Backlit,55.88 cm (22 inch) Full HD Display,Response Time: 5 ms | VGA,HDMI,Monitor
LG 22 inch Full HD LED Backlit IPS Panel Monitor (22MP68VQ),Display Type: LED Backlit,55.88 cm (22 inch) Full HD Display,Response Time: 5 ms | VGA,HDMI,Monitor
MarQ by Flipkart 23.8 inch Full HD LED Backlit IPS Panel Monitor (MA24MN),Display Type: LED Backlit,60.45 cm (23.8 inch) Full HD Display,Response Time: 15 ms | VGA,HDMI,Monitor
Philips 27 inch Full HD LED Backlit IPS Panel Monitor (276E9QJAB/94),Display Type: LED,68.58 cm (27 inch) Full HD Display,Response Time: 4 ms | VGA,HDMI Ports - 1,Monitor
Lenovo 23.8 inch Full HD Monitor (Q24i-10),Display Type: LED,60.45 cm (23.8 inch) Full HD Display,Response Time: 4 ms | VGA,HDMI,Monitor
Lenovo 27 inch Full HD Monitor (D27-20),Display Type: LED,68.58 cm (27 inch) Full HD Display,Response Time: 4 ms | VGA,HDMI,Monitor
HP 23.8 inch Full HD LED Backlit IPS Panel Monitor (24m),Display Type: LED,60.45 cm (23.8 inch) Full HD Display,Response Time: 5 ms | VGA,HDMI Ports - 1,Monitor
HP 21.5 inch Full HD LED Backlit IPS Panel Monitor (22es),Display Type: LED Backlit,54.61 cm (21.5 inch) Full HD Display,Response Time: 14 ms | VGA,HDMI Ports - 1,Monitor
Samsung 21.5 inch Full HD LED Backlit Monitor (sf350 ls22f350fhwxxl),Display Type: backlit led,54.61 cm (21.5 inch) Full HD Display,Response Time: 4 ms | VGA,HDMI,Monitor
LG 18.5 inch HD LED Backlit Monitor (19M38HB -BB.BTRFMVL),Display Type: LED Backlit,46.99 cm (18.5 inch) HD Display,Response Time: 5 ms | VGA,HDMI Ports - 1,Monitor
Dell 22 inch Full HD Monitor (E2218HN),Display Type: LED Backlit,55.88 cm (22 inch) Full HD Display,Response Time: 5 ms | VGA,HDMI,Monitor
LG 22 inch Full HD LED Backlit IPS Panel Monitor (22MP68VQ),Display Type: LED Backlit,55.88 cm (22 inch) Full HD Display,Response Time: 5 ms | VGA,HDMI,Monitor
MarQ by Flipkart 23.8 inch Full HD LED Backlit IPS Panel Monitor (MA24MN),Display Type: LED Backlit,60.45 cm (23.8 inch) Full HD Display,Response Time: 15 ms | VGA,HDMI,Monitor
Philips 27 inch Full HD LED Backlit IPS Panel Monitor (276E9QJAB/94),Display Type: LED,68.58 cm (27 inch) Full HD Display,Response Time: 4 ms | VGA,HDMI Ports - 1,Monitor
Lenovo 23.8 inch Full HD Monitor (Q24i-10),Display Type: LED,60.45 cm (23.8 inch) Full HD Display,Response Time: 4 ms | VGA,HDMI,Monitor